kind	index	key	generic_sha256	special_sha256
P12	12	('X0_RAW', 12)	8d5c3550fbad393c1e13061d9934ed79e29261db378f1d344c4ea5e587e704da	da0d595ecbdc1922b127bba6b54d935a4631618eed617fb99c9fa95cbdec534f
FIRST	0	('X-2', 0)	03e544bdcd69da45d86dea156a83a46a961d818a441f534392329596413e2d19	79a5ceae0eca4cf0d50677dac7f41758ba256f4bfe95f28e61c61ffa44f87ca8
FIRST	1	('X-2', 1)	dcdd05263fcbf9a8e88cb38b3bc09a3e7670a96829031a5127af48242900071f	64b405b865db64ba62804bb2c4b39087c11dce3f9def641772bb11566e22b56c
FIRST	2	('X-2', 2)	37427988f3ac8193170d972147a369556bab39925c80ac53d1823af2ef0b070f	9ba927004e265f38bee0317b2bade2bf2e079232a9b6c4e219043896a170b2df
FIRST	3	('X-2', 3)	5e9f890534062963a62307874adeb3977812b247bc7e984aaa2c178077077db7	1bfc992e44615371692f82d3192c8ba8be002ca40a3789f7211bc37a48b6f7d9
FIRST	4	('X-2', 4)	fb285d54c82d15a95777f59d554b13a493dc7d97d5b0e9a3d1040bc51210ee82	f3bea7a4e4df3428b9e83dd8a9a86c2861ad070fd5dc3b755f758c4f65c28097
FIRST	5	('X-2', 5)	24203c3ec0905e06b3399efffad65edcde697f07e92088868f0cc4a432b01680	46d0d524167df6d68853b99cc688f401abd19b8761be07db22789e948186d748
FIRST	6	('X-2', 6)	46aba8727c85b74d8cabfd157cb3a21c093ab278ac63b6cac28a9197cd5ccf26	a04aff55c0b9d2f106acc06dd2644076bf231a89ca36c4d73121c8ce1f985a5e
FIRST	7	('X-2', 7)	68553560a198cc6494ac7afd19a0a6bbacc83d4d5cdb29cab0d99199cb4e380f	f2049d06cb01b4b83f784b1bde3ce8d890455d7e64295bab8269e4dca39e1704
FIRST	8	('X-2', 8)	b72b7632b2ba93f377a6e8aa1a17b22f90c8fce07f2067c67abf5393b4ba9e93	5cb3e022db13bf18605b8adab26ad1ccccff02aa335dcfe742fd2b62c7e44efd
FIRST	9	('X-2', 9)	b593a2ab8daf9cb3ce57a842876c305c44a8e0b20f9371f9cf4cdf790f2c9548	f189f30f731acb97a50ff50d001c5a7575c8421966ab02965a558f558521f40c
FIRST	10	('X-2', 10)	03fe12827a6ac035a75e34c7d2174d024cc5ca67dc55f1cb95213a041a63574f	e8c003c171e3ee49736ffc410ec1eac18c461b4cec33c0c9652b29cf2701f20d
FIRST	11	('X-2', 11)	a35fe8b35a110aae9e7acea145b3739205835927a2d107ca595054e983a0500d	a35fe8b35a110aae9e7acea145b3739205835927a2d107ca595054e983a0500d
FIRST	12	('X-2', 12)	ee4ec1f4c1c6ff63c0525af81bdb5ff27bce5787b1246d2e2d99effd9e3dad42	ee4ec1f4c1c6ff63c0525af81bdb5ff27bce5787b1246d2e2d99effd9e3dad42
FIRST	13	('X-2', 13)	9bed3e29aa4b9cc6b85ad915c9cff5867c533c9abf7868afa09db01d6a81caac	9bed3e29aa4b9cc6b85ad915c9cff5867c533c9abf7868afa09db01d6a81caac
FIRST	14	('X-2', 14)	d90902aeb9c2417dba0f76f341d6a3a85c0d1dd1034a73afbc381ab89143ee79	5e13535346e30edc883da12440465bb418ff8307b1cd6edfa921c2dd7e0effae
FIRST	15	('X-2', 15)	07d95613f1e5f28b1f7e7c3a129b9a7c3625ff3c9bda7aa210bdfbbc1651cf3c	255697b7d149271a482b995c67d9260b52a3973e6bd58c4e12754c21c4f38d3e
FIRST	16	('X-2', 16)	774969231a69da4baa2318e0fef6a9bf9578dc2df219534d5d08d305f8edc306	4a0c947fc205363c6a471b90d82b1fc371d6c2632b3775dc89b16ba2c506ced6
FIRST	17	('X-2', 17)	9439d0be4153e561ada20eec9c9692ea9bebfb0d542d1a924bc6f95607df46de	94f767f39a9d7d726b1b21f0891105a97c2d1c4bab7b15195de592e68e5c92a9
FIRST	18	('X-2', 18)	ccb559191c247b8e72bf6a5a7d5ead08e98d1183817c50ddd90d91e23d4263da	c44c07a26cda7d41f3c55505efcb222002d8a11f3e971c04d1452703f01ebe36
FIRST	19	('X-2', 19)	ba974c4604603dac8a5a12f04d6cc2c176402d3e160671ebbca552e848fe8a8b	bee2c9bfa64808eec3b810235a2405e1b811d6f4e2f15e86164f4e5520173e2a
FIRST	20	('X-2', 20)	813df4fe52cbcd4c0ca51b84de742602625140dfd926fdfed33a3d287c79f775	45a753e6b584b17502d2cef400db7a1f116f6b65927803cbeef90ab3676d683c
FIRST	21	('X-2', 21)	69429c35386eeedc20c93e337e7bf19762ad5b281d57034a4e9b52a58bba6f13	1ee0c20ec1dd52025da5ac16c89a01c2e5ccda39f35c4ac1c5c80149a3ae7122
FIRST	22	('X-2', 22)	6e4393102f60dbef550c4466d81eafcc12ad9d25f88ef25e83a244f0d8e48c9d	cded7f2fe87fc39dd0a503b76ee9260fa8a2c5d3134e4c08950d36dbc6fd29ec
FIRST	23	('X-2', 23)	51d3498c3fb2fa22cfe5c7149f3e2e11a5d3f070be52060f4c6f6dae9fb32b85	bb67fb398dd482b62f1602541774ab0c5e06d4103317bfa47b0a02f54ec3d9a9
FIRST	24	('X-2', 24)	9b4e265bf0a5415c7000e322462683ed336fdc859f648a1a9841a2b68a6be711	e0a58f7b708238b959bea2488b042b692815b3f7d439e331db92828b09dcdafc
FIRST	25	('X-2', 25)	f860231492b7c410c49f0a510c8a6155cbf15794c93efb450f962faf943d937c	c700e0df33288b84e54abf47e8a0834e915328c67aabca1bfff603b9d3130ff4
FIRST	26	('X-2', 26)	cfe4376b90078cc7b9589e67fb5a54404409c286e73c85a7a404b8c8bc2866c2	0c3131ea58fd1011f9b58eb26ec679fe7905047fa86db1a1a5b17c1239249ea6
FIRST	27	('X-2', 27)	bc43e373e8a01e6178c02921947bbcd2743558a98c0b83741a9846083741685b	bad010b4cc8f50fe3871811fc65c79445648ad3c5d0627615aee4991baa641a8
FIRST	28	('X-2', 28)	68c6b1a7c76eed10bd45530bc8ffa288f8fa2e9d383bde147f76055222156422	fec376f09188f98bd95059af7088e7dc9f723c7db84a6b057d47e4e600bb6537
FIRST	29	('X-2', 29)	26f3ac283856e2b96adfa49ff21e34b0e10bbcdbe4eda52536befc859faab4d8	ed15e5e566868c1c8751ddb9969a6e14ed44e55ed55ad80bd7d480e32b37420d
FIRST	30	('X-2', 30)	5a7effbfabd5fd937f00b01770458a1b34f503539cc544d19e60482aad654467	f1fd32e29cf54f00a04f2a6dea0ff6d03988b6c6e5aa1fa12bb4a3336ccb569e
FIRST	31	('X-2', 31)	e25f347bdbbe6f80752c8ce869dad1d10758d8fd8ff0d9e7141881ed7286fe61	66b9a5c9edff6f5c6dabde69f8fec89212f24b3cd91103fe2636e6d652c166bf
FIRST	32	('X-2', 32)	507e86ee3fa6f4aa6e716c53dc9fc8693496ac9fcdf0de558674924d8cf9bf76	6fadb4b1cf67f5c2fb829eee101edc25ea7de72c7dbb5445c5c2508a35ac4163
FIRST	33	('X-2', 33)	fe553abd68068b3f401d3154b0086c955a5dcd9d52bc5ae6dcb9bfa0fef9e5df	d19a408e1b18a06cb6567e9a9cc9815768939beb6a94c99a84b030b737a9e854
FIRST	34	('X-2', 34)	66bead0d14f7fc85e6ae99f419042caa6604034a80bd6445039ec51037c4cf78	7810944a468b527eeadf053956f7e5fdfb5fecda761c5a739fc0890d5fa362c7
FIRST	35	('X-2', 35)	83f4be4115434863dfdce8238b87e12bcdec4a7b4a4bac8d394386d4281de8b5	83f4be4115434863dfdce8238b87e12bcdec4a7b4a4bac8d394386d4281de8b5
FIRST	36	('X-2', 36)	bd87296091894dacfa8bf3712ea113f9a577afc3def77c58d21d8aed5258d09c	bd87296091894dacfa8bf3712ea113f9a577afc3def77c58d21d8aed5258d09c
FIRST	37	('X-2', 37)	a582c287cf41aca64a62556d0c6a83d0dbe0f466d8049db481093757d4c13c82	a582c287cf41aca64a62556d0c6a83d0dbe0f466d8049db481093757d4c13c82
