D	m	M_2..M_s	s	d_s	u_s	v_s	g	resonant_j	V	row_key	Im_min_candidate	IM_max	principal_minor_floor_candidate
144	96	-72,84,102,142	5	6	2	4	2	3	2:1,3:3,4:8,5:4	(144, 96, (-72, 84, 102, 142), ((2, 1), (3, 3), (4, 8), (5, 4)))	2	1630/117	1
144	96	-72,84,102,142	5	6	2	4	2	3	2:2,3:1,4:8,5:4	(144, 96, (-72, 84, 102, 142), ((2, 2), (3, 1), (4, 8), (5, 4)))	2	544/39	1
144	96	-72,84,102,142	5	6	2	4	2	3	2:2,3:3,4:8,5:4	(144, 96, (-72, 84, 102, 142), ((2, 2), (3, 3), (4, 8), (5, 4)))	2	544/39	1
144	96	-72,84,126,142	5	6	2	4	2	3	2:1,3:16,4:8,5:4	(144, 96, (-72, 84, 126, 142), ((2, 1), (3, 16), (4, 8), (5, 4)))	2	2748/143	1
144	96	-72,84,126,142	5	6	2	4	2	3	2:2,3:16,4:8,5:4	(144, 96, (-72, 84, 126, 142), ((2, 2), (3, 16), (4, 8), (5, 4)))	2	8252/429	1
144	96	-72,84,126,142	5	6	2	4	2	3	2:5,3:16,4:8,5:4	(144, 96, (-72, 84, 126, 142), ((2, 5), (3, 16), (4, 8), (5, 4)))	2	8252/429	1
144	96	-72,84,138,142	5	6	2	4	2	3	2:1,3:3,4:8,5:4	(144, 96, (-72, 84, 138, 142), ((2, 1), (3, 3), (4, 8), (5, 4)))	2	542/39	1
144	96	-72,84,138,142	5	6	2	4	2	3	2:2,3:1,4:8,5:4	(144, 96, (-72, 84, 138, 142), ((2, 2), (3, 1), (4, 8), (5, 4)))	2	542/39	1
144	96	72,84,102,142	5	6	2	4	2	3	2:1,3:1,4:8,5:4	(144, 96, (72, 84, 102, 142), ((2, 1), (3, 1), (4, 8), (5, 4)))	2	9	1
144	96	72,84,102,142	5	6	2	4	2	3	2:2,3:1,4:8,5:4	(144, 96, (72, 84, 102, 142), ((2, 2), (3, 1), (4, 8), (5, 4)))	2	41/3	1
144	96	72,84,102,142	5	6	2	4	2	3	2:3,3:3,4:8,5:4	(144, 96, (72, 84, 102, 142), ((2, 3), (3, 3), (4, 8), (5, 4)))	2	41/3	1
144	96	72,84,138,142	5	6	2	4	2	3	2:1,3:1,4:8,5:4	(144, 96, (72, 84, 138, 142), ((2, 1), (3, 1), (4, 8), (5, 4)))	2	9	1
144	96	72,84,138,142	5	6	2	4	2	3	2:2,3:1,4:8,5:4	(144, 96, (72, 84, 138, 142), ((2, 2), (3, 1), (4, 8), (5, 4)))	2	41/3	1
144	96	72,84,138,142	5	6	2	4	2	3	2:3,3:3,4:8,5:4	(144, 96, (72, 84, 138, 142), ((2, 3), (3, 3), (4, 8), (5, 4)))	2	41/3	1
144	96	120,138,142	4	6	2	4	2	3	2:11,3:13,4:4	(144, 96, (120, 138, 142), ((2, 11), (3, 13), (4, 4)))	10	11	1
144	108	132,138,142	4	6	2	4	2	3	2:7,3:5,4:4	(144, 108, (132, 138, 142), ((2, 7), (3, 5), (4, 4)))	5	7	1
144	120	132,138,142	4	6	2	4	2	3	2:5,3:5,4:4	(144, 120, (132, 138, 142), ((2, 5), (3, 5), (4, 4)))	4	25/3	1
180	72	126,174,178	4	6	2	4	2	3	2:8,3:4,4:4	(180, 72, (126, 174, 178), ((2, 8), (3, 4), (4, 4)))	2	64/11	1
180	108	126,168,178	4	6	2	4	2	3	2:5,3:5,4:4	(180, 108, (126, 168, 178), ((2, 5), (3, 5), (4, 4)))	4	50/7	1
180	120	-84,126,178	4	6	2	4	2	3	2:1,3:8,4:4	(180, 120, (-84, 126, 178), ((2, 1), (3, 8), (4, 4)))	2	167/7	1
180	120	-84,126,178	4	6	2	4	2	3	2:2,3:8,4:4	(180, 120, (-84, 126, 178), ((2, 2), (3, 8), (4, 4)))	2	167/7	1
180	120	-84,126,178	4	6	2	4	2	3	2:5,3:8,4:4	(180, 120, (-84, 126, 178), ((2, 5), (3, 8), (4, 4)))	2	167/7	1
180	120	-80,150,178	4	10	2	8	2	5	2:1,3:16,4:8	(180, 120, (-80, 150, 178), ((2, 1), (3, 16), (4, 8)))	4	990/23	3
180	120	-80,150,178	4	10	2	8	2	5	2:5,3:16,4:8	(180, 120, (-80, 150, 178), ((2, 5), (3, 16), (4, 8)))	4	990/23	3
180	120	-24,138,178	4	6	2	4	2	3	2:1,3:8,4:4	(180, 120, (-24, 138, 178), ((2, 1), (3, 8), (4, 4)))	2	616/27	1
180	120	-24,138,178	4	6	2	4	2	3	2:5,3:8,4:4	(180, 120, (-24, 138, 178), ((2, 5), (3, 8), (4, 4)))	2	616/27	1
180	120	36,150,178	4	6	2	4	2	3	2:1,3:8,4:4	(180, 120, (36, 150, 178), ((2, 1), (3, 8), (4, 4)))	2	336/19	1
180	120	36,150,178	4	6	2	4	2	3	2:8,3:8,4:4	(180, 120, (36, 150, 178), ((2, 8), (3, 8), (4, 4)))	2	448/19	1
180	120	96,162,178	4	6	2	4	2	3	2:1,3:8,4:4	(180, 120, (96, 162, 178), ((2, 1), (3, 8), (4, 4)))	2	210/11	1
180	120	96,162,178	4	6	2	4	2	3	2:2,3:8,4:4	(180, 120, (96, 162, 178), ((2, 2), (3, 8), (4, 4)))	2	210/11	1
180	120	96,162,178	4	6	2	4	2	3	2:5,3:8,4:4	(180, 120, (96, 162, 178), ((2, 5), (3, 8), (4, 4)))	2	210/11	1
180	120	100,170,178	4	10	2	8	2	5	2:1,3:16,4:8	(180, 120, (100, 170, 178), ((2, 1), (3, 16), (4, 8)))	4	204/7	3
180	120	100,170,178	4	10	2	8	2	5	2:9,3:16,4:8	(180, 120, (100, 170, 178), ((2, 9), (3, 16), (4, 8)))	4	204/7	3
180	120	150,165,178	4	15	5	10	5	3,6,9	2:11,3:11,4:10	(180, 120, (150, 165, 178), ((2, 11), (3, 11), (4, 10)))	7	11	1
180	120	168,174,178	4	6	2	4	2	3	2:11,3:5,4:4	(180, 120, (168, 174, 178), ((2, 11), (3, 5), (4, 4)))	13/3	22/3	1
180	120	168,178	3	12	3	9	3	4,8	2:11,3:9	(180, 120, (168, 178), ((2, 11), (3, 9)))	6	22	2
192	128	-32,144,184,190	5	8	2	6	2	4	2:1,3:8,4:7,5:6	(192, 128, (-32, 144, 184, 190), ((2, 1), (3, 8), (4, 7), (5, 6)))	7	66/5	2
192	128	-32,144,184,190	5	8	2	6	2	4	2:2,3:1,4:7,5:6	(192, 128, (-32, 144, 184, 190), ((2, 2), (3, 1), (4, 7), (5, 6)))	7	66/5	2
192	128	-32,144,184,190	5	8	2	6	2	4	2:2,3:8,4:7,5:6	(192, 128, (-32, 144, 184, 190), ((2, 2), (3, 8), (4, 7), (5, 6)))	7	66/5	2
192	128	32,144,168,190	5	8	2	6	2	4	2:1,3:24,4:12,5:6	(192, 128, (32, 144, 168, 190), ((2, 1), (3, 24), (4, 12), (5, 6)))	3	4356/119	2
192	128	32,144,168,190	5	8	2	6	2	4	2:5,3:24,4:12,5:6	(192, 128, (32, 144, 168, 190), ((2, 5), (3, 24), (4, 12), (5, 6)))	3	4356/119	2
192	128	32,144,184,190	5	8	2	6	2	4	2:1,3:1,4:12,5:6	(192, 128, (32, 144, 184, 190), ((2, 1), (3, 1), (4, 12), (5, 6)))	3	486/35	2
192	128	32,144,184,190	5	8	2	6	2	4	2:1,3:3,4:12,5:6	(192, 128, (32, 144, 184, 190), ((2, 1), (3, 3), (4, 12), (5, 6)))	3	864/35	2
192	128	32,168,190	4	8	2	6	2	4	2:1,3:7,4:6	(192, 128, (32, 168, 190), ((2, 1), (3, 7), (4, 6)))	7	126/17	2
192	128	96,144,184,190	5	8	2	6	2	4	2:1,3:1,4:12,5:6	(192, 128, (96, 144, 184, 190), ((2, 1), (3, 1), (4, 12), (5, 6)))	3	54/5	2
192	128	96,144,184,190	5	8	2	6	2	4	2:3,3:3,4:12,5:6	(192, 128, (96, 144, 184, 190), ((2, 3), (3, 3), (4, 12), (5, 6)))	3	144/5	2
192	128	144,184,190	4	8	2	6	2	4	2:7,3:7,4:6	(192, 128, (144, 184, 190), ((2, 7), (3, 7), (4, 6)))	7	84/5	2
192	128	160,176,184,190	5	8	2	6	2	4	2:11,3:11,4:7,5:6	(192, 128, (160, 176, 184, 190), ((2, 11), (3, 11), (4, 7), (5, 6)))	9	66/5	2
192	144	-120,-12,18,190	5	6	2	4	2	3	2:1,3:16,4:8,5:4	(192, 144, (-120, -12, 18, 190), ((2, 1), (3, 16), (4, 8), (5, 4)))	2	28483/1035	1
192	144	-120,-12,18,190	5	6	2	4	2	3	2:3,3:16,4:8,5:4	(192, 144, (-120, -12, 18, 190), ((2, 3), (3, 16), (4, 8), (5, 4)))	2	85456/3105	1
192	144	-120,-12,18,190	5	6	2	4	2	3	2:7,3:16,4:8,5:4	(192, 144, (-120, -12, 18, 190), ((2, 7), (3, 16), (4, 8), (5, 4)))	2	28483/1035	1
192	144	-120,-12,18,190	5	6	2	4	2	3	2:13,3:16,4:8,5:4	(192, 144, (-120, -12, 18, 190), ((2, 13), (3, 16), (4, 8), (5, 4)))	2	85456/3105	1
192	144	-120,-12,18,190	5	6	2	4	2	3	2:23,3:16,4:8,5:4	(192, 144, (-120, -12, 18, 190), ((2, 23), (3, 16), (4, 8), (5, 4)))	2	633/23	1
192	144	-72,-12,42,190	5	6	2	4	2	3	2:1,3:1,4:8,5:4	(192, 144, (-72, -12, 42, 190), ((2, 1), (3, 1), (4, 8), (5, 4)))	2	128/5	1
192	144	-72,-12,150,190	5	6	2	4	2	3	2:1,3:1,4:8,5:4	(192, 144, (-72, -12, 150, 190), ((2, 1), (3, 1), (4, 8), (5, 4)))	2	128/5	1
192	144	-72,12,78,190	5	6	2	4	2	3	2:1,3:16,4:8,5:4	(192, 144, (-72, 12, 78, 190), ((2, 1), (3, 16), (4, 8), (5, 4)))	2	14444/525	1
192	144	-72,12,78,190	5	6	2	4	2	3	2:4,3:16,4:8,5:4	(192, 144, (-72, 12, 78, 190), ((2, 4), (3, 16), (4, 8), (5, 4)))	2	244928/8925	1
192	144	-72,12,78,190	5	6	2	4	2	3	2:5,3:16,4:8,5:4	(192, 144, (-72, 12, 78, 190), ((2, 5), (3, 16), (4, 8), (5, 4)))	2	2336/85	1
192	144	-72,12,78,190	5	6	2	4	2	3	2:7,3:16,4:8,5:4	(192, 144, (-72, 12, 78, 190), ((2, 7), (3, 16), (4, 8), (5, 4)))	2	2056/75	1
192	144	-72,12,78,190	5	6	2	4	2	3	2:22,3:16,4:8,5:4	(192, 144, (-72, 12, 78, 190), ((2, 22), (3, 16), (4, 8), (5, 4)))	2	2336/85	1
192	144	-72,12,78,190	5	6	2	4	2	3	2:31,3:16,4:8,5:4	(192, 144, (-72, 12, 78, 190), ((2, 31), (3, 16), (4, 8), (5, 4)))	2	14444/525	1
192	144	-72,12,114,190	5	6	2	4	2	3	2:1,3:2,4:8,5:4	(192, 144, (-72, 12, 114, 190), ((2, 1), (3, 2), (4, 8), (5, 4)))	2	3072/119	1
192	144	-72,12,114,190	5	6	2	4	2	3	2:2,3:1,4:8,5:4	(192, 144, (-72, 12, 114, 190), ((2, 2), (3, 1), (4, 8), (5, 4)))	2	3072/119	1
192	144	-72,108,174,190	5	6	2	4	2	3	2:1,3:1,4:8,5:4	(192, 144, (-72, 108, 174, 190), ((2, 1), (3, 1), (4, 8), (5, 4)))	2	1377/55	1
192	144	-72,108,174,190	5	6	2	4	2	3	2:1,3:11,4:8,5:4	(192, 144, (-72, 108, 174, 190), ((2, 1), (3, 11), (4, 8), (5, 4)))	2	1377/55	1
192	144	-72,108,174,190	5	6	2	4	2	3	2:3,3:11,4:8,5:4	(192, 144, (-72, 108, 174, 190), ((2, 3), (3, 11), (4, 8), (5, 4)))	2	1377/55	1
192	144	-24,-12,42,190	5	6	2	4	2	3	2:1,3:1,4:8,5:4	(192, 144, (-24, -12, 42, 190), ((2, 1), (3, 1), (4, 8), (5, 4)))	2	224/9	1
192	144	-24,-12,150,190	5	6	2	4	2	3	2:1,3:1,4:8,5:4	(192, 144, (-24, -12, 150, 190), ((2, 1), (3, 1), (4, 8), (5, 4)))	2	224/9	1
192	144	-24,132,150,190	5	6	2	4	2	3	2:1,3:1,4:8,5:4	(192, 144, (-24, 132, 150, 190), ((2, 1), (3, 1), (4, 8), (5, 4)))	2	242/13	1
192	144	-24,132,150,190	5	6	2	4	2	3	2:1,3:3,4:8,5:4	(192, 144, (-24, 132, 150, 190), ((2, 1), (3, 3), (4, 8), (5, 4)))	2	6506/351	1
192	144	-24,132,150,190	5	6	2	4	2	3	2:3,3:3,4:8,5:4	(192, 144, (-24, 132, 150, 190), ((2, 3), (3, 3), (4, 8), (5, 4)))	2	242/13	1
192	144	-24,132,150,190	5	6	2	4	2	3	2:4,3:3,4:8,5:4	(192, 144, (-24, 132, 150, 190), ((2, 4), (3, 3), (4, 8), (5, 4)))	2	6506/351	1
192	144	-24,132,174,190	5	6	2	4	2	3	2:1,3:16,4:8,5:4	(192, 144, (-24, 132, 174, 190), ((2, 1), (3, 16), (4, 8), (5, 4)))	2	3907/143	1
192	144	-24,132,174,190	5	6	2	4	2	3	2:3,3:16,4:8,5:4	(192, 144, (-24, 132, 174, 190), ((2, 3), (3, 16), (4, 8), (5, 4)))	2	11728/429	1
192	144	-24,132,174,190	5	6	2	4	2	3	2:7,3:16,4:8,5:4	(192, 144, (-24, 132, 174, 190), ((2, 7), (3, 16), (4, 8), (5, 4)))	2	3907/143	1
192	144	-24,132,174,190	5	6	2	4	2	3	2:13,3:16,4:8,5:4	(192, 144, (-24, 132, 174, 190), ((2, 13), (3, 16), (4, 8), (5, 4)))	2	11728/429	1
192	144	-24,132,174,190	5	6	2	4	2	3	2:23,3:16,4:8,5:4	(192, 144, (-24, 132, 174, 190), ((2, 23), (3, 16), (4, 8), (5, 4)))	2	3909/143	1
192	144	-24,132,186,190	5	6	2	4	2	3	2:1,3:1,4:8,5:4	(192, 144, (-24, 132, 186, 190), ((2, 1), (3, 1), (4, 8), (5, 4)))	2	242/13	1
192	144	-24,132,186,190	5	6	2	4	2	3	2:1,3:3,4:8,5:4	(192, 144, (-24, 132, 186, 190), ((2, 1), (3, 3), (4, 8), (5, 4)))	2	240/13	1
192	144	-24,132,186,190	5	6	2	4	2	3	2:3,3:3,4:8,5:4	(192, 144, (-24, 132, 186, 190), ((2, 3), (3, 3), (4, 8), (5, 4)))	2	242/13	1
192	144	24,60,186,190	5	6	2	4	2	3	2:1,3:1,4:5,5:4	(192, 144, (24, 60, 186, 190), ((2, 1), (3, 1), (4, 5), (5, 4)))	4	100/9	1
192	144	72,108,138,190	5	6	2	4	2	3	2:1,3:1,4:8,5:4	(192, 144, (72, 108, 138, 190), ((2, 1), (3, 1), (4, 8), (5, 4)))	2	98/5	1
192	144	72,108,138,190	5	6	2	4	2	3	2:1,3:5,4:8,5:4	(192, 144, (72, 108, 138, 190), ((2, 1), (3, 5), (4, 8), (5, 4)))	2	98/5	1
192	144	72,108,138,190	5	6	2	4	2	3	2:4,3:5,4:8,5:4	(192, 144, (72, 108, 138, 190), ((2, 4), (3, 5), (4, 8), (5, 4)))	2	98/5	1
192	144	72,108,174,190	5	6	2	4	2	3	2:1,3:1,4:8,5:4	(192, 144, (72, 108, 174, 190), ((2, 1), (3, 1), (4, 8), (5, 4)))	2	728/33	1
192	144	72,108,174,190	5	6	2	4	2	3	2:1,3:2,4:8,5:4	(192, 144, (72, 108, 174, 190), ((2, 1), (3, 2), (4, 8), (5, 4)))	2	200/11	1
192	144	72,108,174,190	5	6	2	4	2	3	2:4,3:2,4:8,5:4	(192, 144, (72, 108, 174, 190), ((2, 4), (3, 2), (4, 8), (5, 4)))	2	728/33	1
192	144	120,132,150,190	5	6	2	4	2	3	2:1,3:1,4:8,5:4	(192, 144, (120, 132, 150, 190), ((2, 1), (3, 1), (4, 8), (5, 4)))	2	434/39	1
192	144	120,132,150,190	5	6	2	4	2	3	2:1,3:3,4:8,5:4	(192, 144, (120, 132, 150, 190), ((2, 1), (3, 3), (4, 8), (5, 4)))	2	434/39	1
192	144	120,132,150,190	5	6	2	4	2	3	2:2,3:3,4:8,5:4	(192, 144, (120, 132, 150, 190), ((2, 2), (3, 3), (4, 8), (5, 4)))	2	434/39	1
200	120	20,150,198	4	10	2	8	2	5	2:1,3:3,4:8	(200, 120, (20, 150, 198), ((2, 1), (3, 3), (4, 8)))	4	402/13	3
200	120	20,150,198	4	10	2	8	2	5	2:2,3:1,4:8	(200, 120, (20, 150, 198), ((2, 2), (3, 1), (4, 8)))	4	402/13	3
