filename	bytes	sha256	ended_utc	http	url
sources/arxiv-jc-updated.xml	152456	6994669eebb59c65065458e6fb61faf0633bb00cadfc6ae3da8e3c76ff1a1135	2026-09-07T07:35:05Z	200	https://export.arxiv.org/api/query?search_query=all:%22Jacobian%20conjecture%22&sortBy=lastUpdatedDate&sortOrder=descending&max_results=100
sources/arxiv-jc-submitted.xml	150447	d07f5e78abf3fa47e48dac659b9e238bde173b540bbafa2955d30156ed60d8c2	2026-09-07T07:35:13Z	200	https://export.arxiv.org/api/query?search_query=all:%22Jacobian%20conjecture%22&sortBy=submittedDate&sortOrder=descending&max_results=100
sources/arxiv-math-AG-new.html	71502	8bf9355e68443e138d37dfc41a53a8ae47e1bd8649a4280ad42ec22ee72ee454	2026-09-07T07:35:04Z	200	https://arxiv.org/list/math.AG/new
sources/arxiv-math-AC-new.html	41451	099b5e7c2c057004527dc4fb3ba2779f5fba21556d440b3a749db17f8ddd05f4	2026-09-07T07:35:04Z	200	https://arxiv.org/list/math.AC/new
sources/arxiv-math-CV-new.html	43689	9d35cc3a9ed3abe33f6f1ad14254074ea060134563638ba6e4d1f5ff866db6f9	2026-09-07T07:35:04Z	200	https://arxiv.org/list/math.CV/new
sources/gh-broad.json	379666	94e4256997f2da7e5299a4064fdb5417c77e3f391f985265ebbe2c623af55ce3	2026-09-07T07:35:06Z	200	https://api.github.com/search/repositories?q=jacobian+conjecture&sort=updated&order=desc&per_page=100
sources/gh-new.json	14154	68f14d819b2e0417de1e85a761b165f11a8cfec388f3d186c69650c114296b5c	2026-09-07T07:35:05Z	200	https://api.github.com/search/repositories?q=jacobian+conjecture+created:%3E2026-09-01&sort=updated&per_page=100
sources/zenodo-jc.json	207	8105c5098c3b8051ed4e35cc510a7c4af8dcca8edb46986c9a37ba5469c6985c	2026-09-07T07:35:05Z	400	https://zenodo.org/api/records?q=%22Jacobian%20conjecture%22&sort=mostrecent&size=100
sources/zenodo-plane.json	207	8105c5098c3b8051ed4e35cc510a7c4af8dcca8edb46986c9a37ba5469c6985c	2026-09-07T07:35:05Z	400	https://zenodo.org/api/records?q=%22plane%20Jacobian%22%20OR%20%22Keller%20map%22&sort=mostrecent&size=100
sources/palomar-recent.json	528917	4dc3d61dbcc4b975d5af00742d5a162f00df9a780cdae3ba7caef87df3aeb1ca	2026-09-07T07:35:05Z	200	https://data.palomar-registry.org/recent.json
sources/palomar-14R15.json	7108	0671f1c3b2666cd538c4adf633a707c1462ee20da86c07378a3936107f7fc5e8	2026-09-07T07:35:05Z	200	https://data.palomar-registry.org/subjects/msc/14R15.json
sources/palomar-math-AG.json	17506	54fefb6541b8b1969667496954f1ed5aa2b3be273cfd39a8967e9ac8035b5153	2026-09-07T07:35:05Z	200	https://data.palomar-registry.org/subjects/arxiv/math.AG.json
sources/mo-search.json	67	1f929062210c17b37ec4c9f145370409f26f9e17e4f86532752bbb8ff24d5696	2026-09-07T07:35:05Z	200	https://api.stackexchange.com/2.3/search/advanced?site=mathoverflow&q=Jacobian&fromdate=1788686580&sort=activity&filter=withbody&pagesize=100
sources/mse-search.json	67	1f929062210c17b37ec4c9f145370409f26f9e17e4f86532752bbb8ff24d5696	2026-09-07T07:35:05Z	200	https://api.stackexchange.com/2.3/search/advanced?site=math&q=Jacobian%20conjecture&fromdate=1788686580&sort=activity&filter=withbody&pagesize=100
sources/mo-513413.json	1115	13787a221ec13be506afd45923896ea7c332649c83879a5e763dfd9cc64b7826	2026-09-07T07:35:05Z	200	https://api.stackexchange.com/2.3/questions/513413?site=mathoverflow&filter=withbody
sources/mo-513413-answers.json	4965	149d223fbdd4bbefa29ca8f0259c7847126302fe3c127953902ea9f4ecbdee3f	2026-09-07T07:35:05Z	200	https://api.stackexchange.com/2.3/questions/513413/answers?site=mathoverflow&filter=withbody&pagesize=100
sources/mo-user.json	672	c1827548bafccc205c5e8299fa5c02a2bc390709ffa4b00c1c6530b931f92a7b	2026-09-07T07:35:05Z	200	https://api.stackexchange.com/2.3/users/595783?site=mathoverflow
sources/mo-user-posts.json	1419	5c9075bb32a50eadd3a86ffec3fb24bf67051cdb94ed3fe4a7c42072168d8de0	2026-09-07T07:35:05Z	200	https://api.stackexchange.com/2.3/users/595783/posts?site=mathoverflow&filter=withbody
sources/masto-jc.json	32567	cd031ea31f8e49b5811cde42e6a2b4e583839a5047c8036775ed452297f864fd	2026-09-07T07:35:05Z	200	https://mathstodon.xyz/api/v1/timelines/tag/jacobianconjecture?limit=40
sources/masto-jacobian.json	64431	e39c05f2f33bee17007902308570830f2e3056f7c24aca3c60dfde31835661c2	2026-09-07T07:35:05Z	200	https://mathstodon.xyz/api/v1/timelines/tag/jacobian?limit=40
sources/masto-tao.json	192229	8566b00b2c9dc2c3f916dc10b5dd538c3257add9b22b5ea3962a9296de4951f8	2026-09-07T07:35:06Z	200	https://mathstodon.xyz/api/v1/accounts/109378244433513115/statuses?limit=40
sources/bsky-search.json	2334	8609fbf6d25103698c09480062dd212a9f8e8acbc3d320f599bd871cef1a7048	2026-09-07T07:35:05Z	403	https://public.api.bsky.app/xrpc/app.bsky.feed.searchPosts?q=Jacobian%20conjecture&sort=latest&since=2026-09-03T10:17:00Z&limit=100
sources/x-search.html	293253	40b2b4989d742213361c757db648f9511422654c2cf9594e25abe1165a5f776f	2026-09-07T07:35:05Z	200	https://x.com/search?q=%22Jacobian%20conjecture%22%20since%3A2026-09-03&f=live
sources/zulip-streams.json	108	d294481a810578d332726043f5a1ea21c41f54db37b0ebc28eb7bba6562c523f	2026-09-07T07:35:05Z	401	https://leanprover.zulipchat.com/api/v1/streams?include_public=true
sources/tao-jc-comments.html	551127	8d049dad308bd4d0ab455812a264768f0acb67a1fdb24e97fb943e51c1444f5c	2026-09-07T07:35:05Z	200	https://terrytao.wordpress.com/2026/07/21/a-digestion-of-the-jacobian-conjecture-counterexample/comment-page-2/
sources/wiki-history.json	1508	36da843f48fdc5fd8dea430768a13f633355cd53fe4d3c757a483808074dbcf9	2026-09-07T07:35:05Z	200	https://en.wikipedia.org/w/api.php?action=query&prop=revisions&titles=Jacobian_conjecture&rvprop=timestamp%7Cuser%7Ccomment&rvlimit=10&format=json
sources/zenodo-jc-25.json	186887	63de92c70347050f1d562cd06a73f7ffede6c8a7c0cdd1f40cb74a7f64d5781e	2026-09-07T07:37:12Z	200	https://zenodo.org/api/records?q=%22Jacobian%20conjecture%22&sort=mostrecent&size=25
sources/zenodo-plane-25.json	179815	d7e14933a5b356f8b007ed08977705f077fc89761b8f12272e58276ce088415e	2026-09-07T07:37:12Z	200	https://zenodo.org/api/records?q=%22plane%20Jacobian%22%20OR%20%22Keller%20map%22&sort=mostrecent&size=25
sources/roy-head.json	3379	c87362eb00c41ab12cec1d2b5be8fa6e797ce4461eb0562188c5cc1a96669fbe	2026-09-07T07:37:10Z	200	https://api.github.com/repos/royvanrijn/jacobian-research/commits?per_page=1
sources/strinz72-head.json	3308	9fd0a05954bbdcadb45f03038bd88d05f3c2006eda7f5041a23fb2748a6157f7	2026-09-07T07:37:10Z	200	https://api.github.com/repos/wstrinz/plane-jacobian-72-108/commits?per_page=1
sources/strinz72-branches.json	664	0b0f9e693ca01f6d4b53d05a0a368fbedb5887aa5333795e472aeaba527bfe72	2026-09-07T07:37:10Z	200	https://api.github.com/repos/wstrinz/plane-jacobian-72-108/branches?per_page=100
sources/strinz-repos.json	514123	bdb70a658cec30b7d15aa373e684cbfa89dd479f83f8e9084152a39e55426e2f	2026-09-07T07:37:10Z	200	https://api.github.com/users/wstrinz/repos?per_page=100&sort=updated
sources/ipitch-repos.json	389516	532c36205152fe402303ad9ee2b79f69e6f18d6f84184e1860f15ea9905f0450	2026-09-07T07:37:10Z	200	https://api.github.com/users/ipitchford/repos?per_page=100&sort=updated
sources/snap-head.json	3666	328c67ed9ebdaa615b4a032dfaec211c2f7a9d2617c950ffd79017a8f5d6fc7c	2026-09-07T07:37:10Z	200	https://api.github.com/repos/SNAPKITTYWEST/jacobian-formal/commits?per_page=1
sources/collision-head.json	3850	c3ced23393d7f18da4b6d7a75dfba7017923684c48252db78799c55f0b834927	2026-09-07T07:37:10Z	200	https://api.github.com/repos/what-social-construct/jacobian-collision-geometry/commits?per_page=1
sources/supermind-head.json	3443	886b4d075125898739af66724a8eee948c629579a4b91c6041877e8d5fed3050	2026-09-07T07:37:10Z	200	https://api.github.com/repos/SuperMindAI/Jacobian-Conjecture/commits?per_page=1
sources/aejon-head.json	3583	d5f0cf05b2c1573be96ae46e6cce69b553143fa28618c498a9859e7a8fddcbf8	2026-09-07T07:37:10Z	200	https://api.github.com/repos/AEjonanonymous/Jacobian-Conjecture-2D/commits?per_page=1
sources/caos-head.json	5000	cbaec79d20993e855f34cf029cd37295005fe4c40bf08c20a438be2193d9bcc7	2026-09-07T07:37:10Z	200	https://api.github.com/repos/fsantibanezleal/CAOS_RESEARCH/commits?per_page=1
sources/new-sma-head.json	3730	d530707caeaccc32b96906b65b53a00b55bbf4987093ca710706166ee83a7510	2026-09-07T07:37:10Z	200	https://api.github.com/repos/vibemathing/problem-um-sma-016-the-jacobian-conjecture-a73a596a/commits?per_page=1
sources/new-opg-head.json	3706	5809615a7a0bbd206732c813b6d893ef0f1b9fcea4ecfcfc8845464cf838b715	2026-09-07T07:37:10Z	200	https://api.github.com/repos/vibemathing/problem-um-opg-1768-jacobian-conjecture-2b59cb7e/commits?per_page=1
sources/new-sma-readme.md	790	d16000bc3387e92529ec7eef2f36986f164213c83280b5767001d9a3030ef7eb	2026-09-07T07:37:10Z	200	https://raw.githubusercontent.com/vibemathing/problem-um-sma-016-the-jacobian-conjecture-a73a596a/main/README.md
sources/new-opg-readme.md	790	d16000bc3387e92529ec7eef2f36986f164213c83280b5767001d9a3030ef7eb	2026-09-07T07:37:10Z	200	https://raw.githubusercontent.com/vibemathing/problem-um-opg-1768-jacobian-conjecture-2b59cb7e/main/README.md
sources/new-sma-tree.json	81982	b4ad51a6c81768894f6414a35282a3d1cc8db1a4952d0a8dc5b4ca7f9cf985b5	2026-09-07T07:37:10Z	200	https://api.github.com/repos/vibemathing/problem-um-sma-016-the-jacobian-conjecture-a73a596a/git/trees/main?recursive=1
sources/new-opg-tree.json	81148	d442e2d257abafca3c9b274d54b64fef29b212dd8055953260e2a6e1e548a3f0	2026-09-07T07:37:11Z	200	https://api.github.com/repos/vibemathing/problem-um-opg-1768-jacobian-conjecture-2b59cb7e/git/trees/main?recursive=1
sources/arxiv-keller.xml	39213	bfa62f9549770a510c44e63ceed65ef341152fe79364da77ba1c695a69e2da1a	2026-09-07T07:37:12Z	200	https://export.arxiv.org/api/query?search_query=all:%22Keller%20map%22&sortBy=lastUpdatedDate&sortOrder=descending&max_results=50
sources/arxiv-hessian.xml	9120	76fec9b71c3bf0d2bd1f4f4da986bd305a636c6ff56ce4ff468e13f83162a373	2026-09-07T07:37:11Z	200	https://export.arxiv.org/api/query?search_query=all:%22Hessian%20conjecture%22&sortBy=lastUpdatedDate&sortOrder=descending&max_results=50
sources/arxiv-plane.xml	47001	211f8d476821d75d2ab46ef2f3a200dbd39bf370e6a35db2f6025f471ac8156f	2026-09-07T07:37:12Z	200	https://export.arxiv.org/api/query?search_query=all:%22plane%20Jacobian%22%20OR%20all:%22Jacobian%20pair%22%20OR%20all:%22Abhyankar-Moh%22&sortBy=lastUpdatedDate&sortOrder=descending&max_results=50
sources/arxiv-auto.xml	78883	b1688a39638d6ec41a0cd7a267c0fc7ee5b0816f4cddbc41799bc13c7e15dcd6	2026-09-07T07:37:12Z	200	https://export.arxiv.org/api/query?search_query=all:%22polynomial%20automorphism%22&sortBy=lastUpdatedDate&sortOrder=descending&max_results=50
sources/arxiv-ni.html	41721	879a1acab7346e43cf50a56f6d4fbf201628449ace53546934f802d6834f3f29	2026-09-07T07:37:11Z	200	https://arxiv.org/abs/2608.14217
sources/masto-keller.json	237439	74f4e7bdfc1de5931065d2750a6968dd16c50c0e67b5f26743a58a90bee03d65	2026-09-07T07:37:12Z	200	https://mathstodon.xyz/api/v1/timelines/tag/keller?limit=40
sources/masto-lean.json	203664	1c511f4e7c3b41748aec544faaecd355e296e3a818b59fb85a53fa89b45137d2	2026-09-07T07:37:12Z	200	https://mathstodon.xyz/api/v1/timelines/tag/leanprover?limit=40
sources/bsky-search-alt.json	94	9221cfedfc5e03790f46c7890bca21fcc47c5788d89dab0aa0799c492b6ae78a	2026-09-07T07:37:12Z	403	https://api.bsky.app/xrpc/app.bsky.feed.searchPosts?q=Jacobian%20conjecture&sort=latest&since=2026-09-03T10:17:00Z&limit=100
sources/bsky-keller.json	2334	8609fbf6d25103698c09480062dd212a9f8e8acbc3d320f599bd871cef1a7048	2026-09-07T07:37:12Z	403	https://public.api.bsky.app/xrpc/app.bsky.feed.searchPosts?q=Keller%20map&sort=latest&since=2026-09-03T10:17:00Z&limit=100
sources/x-octonion.html	282417	8045c1a0a42416ea9876ca67cb2622ae9e6845032800b35a98060801e3b2bd16	2026-09-07T07:37:12Z	200	https://x.com/octonion
sources/tao-rss.xml	22357	bf0c07ab259df5c2bbcf88a7a7802411a5e963331ef51f09b4e1d0ae9ec206ec	2026-09-07T07:37:12Z	200	https://terrytao.wordpress.com/comments/feed/
sources/palomar-llms.txt	2247	fa1123445050c7d05dd544bebdb2754378cffcda45c09b6ff4d48bacbd353382	2026-09-07T07:37:12Z	200	https://palomar-registry.org/llms.txt
sources/palarch-repos.json	720347	a3d54fa6b738ded6bbffbc6e9560a24f4f3e6c2840388fac0122fda95b56ad4b	2026-09-07T07:37:13Z	200	https://api.github.com/orgs/PalomarArchive/repos?per_page=100&sort=updated
sources/azofeifa.html	28485	87f564b57a1e792e22f56106005ecbc2f3e3a3cefdffa6d675a0cde9640f6742	2026-09-07T07:37:12Z	200	https://www.davidazofeifa.com/blog/the-jacobian-conjecture-for-n-2
sources/evidence-hc4.html	61431	2dd7e6cfe1bbd857e84bdfd5eb54720540f675cb0aa6156af4638ef57d879f8a	2026-09-07T07:37:12Z	200	https://www.evidencepress.org/releases/hc4-five-support-structural-reductions/
sources/roy-compare.json	1404984	271856d19562056cc5e78f5db16683aa7c080a49722c2eb03805e3b20fc4ecb9	2026-09-07T07:38:51Z	200	https://api.github.com/repos/royvanrijn/jacobian-research/compare/7471645748ae07b8d942f6957e314378ca8aed1f...a293bd94849d1131eae971c6c274323f02f14fc4
sources/collision-compare.json	165847	dfe9a1fbfe2ca42a181d3510a4b6165da15c737c2e962b1303a0b9e8db7c61e9	2026-09-07T07:38:50Z	200	https://api.github.com/repos/what-social-construct/jacobian-collision-geometry/compare/0f1f2c8c...2e40066e722b601157885fd2a8264569be3ea2b8
sources/collision-readme.md	5680	bcce9a28abd1d843b0bf1fd70fa05ff7e288b8e3a0007bed839c920c143847fe	2026-09-07T07:38:49Z	200	https://raw.githubusercontent.com/what-social-construct/jacobian-collision-geometry/2e40066e722b601157885fd2a8264569be3ea2b8/README.md
sources/roy-readme.md	2573	5caefbcc059b2bf244e11ce2f8c91d55b3222a373834b2982056d737eb6b6285	2026-09-07T07:38:49Z	200	https://raw.githubusercontent.com/royvanrijn/jacobian-research/a293bd94849d1131eae971c6c274323f02f14fc4/README.md
sources/roy-status.md	2034582	4b577876d04bc2a59ed8cf6187c37cc4ea43c016f2bee51351027bad830b19b4	2026-09-07T07:38:49Z	200	https://raw.githubusercontent.com/royvanrijn/jacobian-research/a293bd94849d1131eae971c6c274323f02f14fc4/STATUS.md
sources/strinz75-head.json	3308	25ea184c8dc37cec934653636df8dfdfda6396ad669f8b61f721676c286e736d	2026-09-07T07:38:50Z	200	https://api.github.com/repos/wstrinz/plane-jacobian-75-125/commits?per_page=1
sources/strinz75-branches.json	211	88dbbc42af909cd630f2aaf1a4638a0c599c7ee58d5d381fb1e6af8b148c83f9	2026-09-07T07:38:50Z	200	https://api.github.com/repos/wstrinz/plane-jacobian-75-125/branches?per_page=100
sources/ipitch-head.json	1634	8c9810dd96dad99ee16c11ef2600f5c55909fdb322447a12eaa094f0a28f452f	2026-09-07T07:38:50Z	200	https://api.github.com/repos/ipitchford/hc4-five-support-structural-reductions/commits?per_page=1
sources/vandobben-abs.html	39571	14b898eb6e91808f7a387108f6e5f8ef6a0c4626f457d5b919129adceffac77b	2026-09-07T07:38:49Z	200	https://arxiv.org/abs/2608.27341v1
sources/vandobben-paper.pdf	261651	ad2b2f112a5c61b101758cd45f38339a69a7e3ce6343dfa81e87f784298298c6	2026-09-07T07:38:50Z	200	https://arxiv.org/pdf/2608.27341v1
sources/broad-github-issues.json	25052	1bf6b3ba6f5e77d90c1a9e4839827396b41533ddd2cf60253061d69c8ef7c1a5	2026-09-07T07:38:50Z	200	https://api.github.com/search/issues?q=%22Jacobian+conjecture%22+updated:%3E2026-09-06&sort=updated&per_page=100
sources/new-sma-issues.json	2	4f53cda18c2baa0c0354bb5f9a3ecbe5ed12ab4d8e11ba873c2f11161202b945	2026-09-07T07:38:50Z	200	https://api.github.com/repos/vibemathing/problem-um-sma-016-the-jacobian-conjecture-a73a596a/issues?state=all&per_page=100
sources/new-opg-issues.json	2	4f53cda18c2baa0c0354bb5f9a3ecbe5ed12ab4d8e11ba873c2f11161202b945	2026-09-07T07:38:50Z	200	https://api.github.com/repos/vibemathing/problem-um-opg-1768-jacobian-conjecture-2b59cb7e/issues?state=all&per_page=100
sources/new-sma-context.md	12418	118af02abe87cf739c18a7cb785a743d1d14e606f1477fab54d690de120db244	2026-09-07T07:38:50Z	200	https://raw.githubusercontent.com/vibemathing/problem-um-sma-016-the-jacobian-conjecture-a73a596a/d84b710a75f216d43a57fadac17bd2b18540498e/WEB_CONTEXT_BUNDLE.md
sources/new-opg-context.md	12567	215b51c78f7bd1b58be62792c0b7e46a90a3cfda63611b6aa6d1f33ccbefe242	2026-09-07T07:38:50Z	200	https://raw.githubusercontent.com/vibemathing/problem-um-opg-1768-jacobian-conjecture-2b59cb7e/a11f82c94cf1018225b859ac1cd7e1a3384c5ab8/WEB_CONTEXT_BUNDLE.md
sources/author-Orevkov.xml	14215	a88b75eb8194d35c5351cb617929dda4b988798b6868d6be01207a7e96b3b9a5	2026-09-07T07:38:50Z	200	https://export.arxiv.org/api/query?search_query=au:Orevkov&sortBy=lastUpdatedDate&sortOrder=descending&max_results=10
sources/author-Valqui.xml	13551	fa2bec1a87883d162e1fada27f8f55886fa4b6bc53a1a80db00387e6a4119446	2026-09-07T07:38:50Z	200	https://export.arxiv.org/api/query?search_query=au:Valqui&sortBy=lastUpdatedDate&sortOrder=descending&max_results=10
sources/author-Guccione.xml	17670	ea7337077ae515af83215c8ceeb7db33e26456be8d21ba1ee43a8cc468c857d1	2026-09-07T07:38:50Z	200	https://export.arxiv.org/api/query?search_query=au:Guccione&sortBy=lastUpdatedDate&sortOrder=descending&max_results=10
sources/author-Pissolato.xml	3568	f6e94816e30fa51fc6fc9323ca168e5fce5f165ee94e10fb5511952432496ea4	2026-09-07T07:38:50Z	200	https://export.arxiv.org/api/query?search_query=au:Pissolato&sortBy=lastUpdatedDate&sortOrder=descending&max_results=10
sources/author-Shaska.xml	21843	68c0775f38cd6cb6cca7ea8f007a70a2b07967e466541840899473bf3aa44f8e	2026-09-07T07:38:50Z	200	https://export.arxiv.org/api/query?search_query=au:Shaska&sortBy=lastUpdatedDate&sortOrder=descending&max_results=10
sources/author-Migus.xml	20236	cb173a5e744429339f1c5c5e577a443ffd6affc5f51ee2d6aa485ef0ded3e8ec	2026-09-07T07:38:50Z	200	https://export.arxiv.org/api/query?search_query=au:Migus&sortBy=lastUpdatedDate&sortOrder=descending&max_results=10
sources/author-Jelonek.xml	15011	a3f5b67e6eea2a0e6ee88b1292751addfb0c326c9ee91d4a9b1e99ccbe37be6c	2026-09-07T07:38:50Z	200	https://export.arxiv.org/api/query?search_query=au:Jelonek&sortBy=lastUpdatedDate&sortOrder=descending&max_results=10
sources/author-Xavier.xml	16040	960e7a6ae3fd753676fe1e29804b49ccb45550610dc512d408df4f4d3d0a9ae4	2026-09-07T07:38:50Z	200	https://export.arxiv.org/api/query?search_query=au:%22Frederico%20Xavier%22&sortBy=lastUpdatedDate&sortOrder=descending&max_results=10
sources/author-Gao.xml	19544	afe6a0be6995a99bc1f9c6ad3baeb0cbdcf9d6c851987b1d13f2032ced63efe7	2026-09-07T07:38:50Z	200	https://export.arxiv.org/api/query?search_query=au:%22Shuhong%20Gao%22&sortBy=lastUpdatedDate&sortOrder=descending&max_results=10
sources/author-Meng.xml	19315	4709fa0d8edee5584bc81503d9885a003acf6bd13cdcd99a3c9be76dc4a6f0e6	2026-09-07T07:38:50Z	200	https://export.arxiv.org/api/query?search_query=au:%22Guowu%20Meng%22&sortBy=lastUpdatedDate&sortOrder=descending&max_results=10
sources/author-Charbonnel.xml	28806	8b3e377a13e609bb3889f4bf20a650cae7d44fe0ba77a574177739b2f69c34e5	2026-09-07T07:38:50Z	200	https://export.arxiv.org/api/query?search_query=au:Charbonnel&sortBy=lastUpdatedDate&sortOrder=descending&max_results=10
sources/author-Kowalczyk.xml	431325	da6d4307cef62efaeddfa8c019f3cb2a54710e017f34413aaafa373a1d10cdd2	2026-09-07T07:38:51Z	200	https://export.arxiv.org/api/query?search_query=au:Kowalczyk&sortBy=lastUpdatedDate&sortOrder=descending&max_results=10
sources/author-van-Dobben.xml	20352	180d20fa55e3f23f45850948cd9aa4c9458b79e82093e2c7981b7b9260c9f861	2026-09-07T07:38:51Z	200	https://export.arxiv.org/api/query?search_query=au:%22van%20Dobben%20de%20Bruyn%22&sortBy=lastUpdatedDate&sortOrder=descending&max_results=10
sources/author-Horruitiner.xml	5529	adf2cf892fc2d17ed69f1f4f44facaddcfad4a73afb77951b2f0c1729b504f71	2026-09-07T07:38:51Z	200	https://export.arxiv.org/api/query?search_query=au:Horruitiner&sortBy=lastUpdatedDate&sortOrder=descending&max_results=10
sources/author-van-den-Essen.xml	14238	6c2e42299bc4dfee87c16572b6630d423b0c757824f9095b76a61bef643a9cca	2026-09-07T07:38:50Z	200	https://export.arxiv.org/api/query?search_query=au:%22van%20den%20Essen%22&sortBy=lastUpdatedDate&sortOrder=descending&max_results=10
sources/author-Ni.xml	4694	54d3664e48c00297919fdc15681a775425259e7064b31523d3ec76beb9e31f53	2026-09-07T07:38:51Z	200	https://export.arxiv.org/api/query?search_query=au:%22Zixiang%20Ni%22&sortBy=lastUpdatedDate&sortOrder=descending&max_results=10
sources/author-Alpoge.xml	20168	db000e81a5ec3bd8160988694ffa8e03ef6645f9fccde0b46137ea7d825f131f	2026-09-07T07:38:51Z	200	https://export.arxiv.org/api/query?search_query=au:Alpoge&sortBy=lastUpdatedDate&sortOrder=descending&max_results=10
sources/zenodo-actor-atwell.json	169948	52a2c8b5a976b75c92921e909f9cd6c7ad62952ca178dfc1f837c378323f0795	2026-09-07T07:38:53Z	200	https://zenodo.org/api/records?q=creators.name:%22Atwell%22&sort=mostrecent&size=25
sources/collision-paper2.tex	20686	ae01b633dcc4a5992f8220f09ebcbb900519ecd27fcb7206c72d0e65dbb978c8	2026-09-07T07:40:50Z	200	https://raw.githubusercontent.com/what-social-construct/jacobian-collision-geometry/2e40066e722b601157885fd2a8264569be3ea2b8/paper/paper2.tex
sources/collision-semantic.md	31648	8c5b7bd319d0858c982d4be5eec0c6a6332db2a56ff004cfd864a52181f6603d	2026-09-07T07:40:50Z	200	https://raw.githubusercontent.com/what-social-construct/jacobian-collision-geometry/2e40066e722b601157885fd2a8264569be3ea2b8/SEMANTIC-PARITY.md
sources/collision-challenge.lean	8852	a46fdb1c1be7fb4114219040230c07cac1ed837550e119f189f2f344f67a5b21	2026-09-07T07:40:50Z	200	https://raw.githubusercontent.com/what-social-construct/jacobian-collision-geometry/2e40066e722b601157885fd2a8264569be3ea2b8/CollisionIdeals/Palomar/PaperTwo/Challenge.lean
sources/collision-main.lean	1522	869fd2ec4ce6b9d8bc41277000c7578b2e781d6249a48ec735641cc3f592ee4a	2026-09-07T07:40:50Z	200	https://raw.githubusercontent.com/what-social-construct/jacobian-collision-geometry/2e40066e722b601157885fd2a8264569be3ea2b8/CollisionIdeals/Planar/GenericDegreeTwo/Main.lean
sources/roy-plane-commits.json	2	4f53cda18c2baa0c0354bb5f9a3ecbe5ed12ab4d8e11ba873c2f11161202b945	2026-09-07T07:40:50Z	200	https://api.github.com/repos/royvanrijn/jacobian-research/commits?path=plane-jc&since=2026-09-06T09:23:00Z&per_page=100
sources/roy-hc4-commits.json	2	4f53cda18c2baa0c0354bb5f9a3ecbe5ed12ab4d8e11ba873c2f11161202b945	2026-09-07T07:40:50Z	200	https://api.github.com/repos/royvanrijn/jacobian-research/commits?path=extended-geometry&since=2026-09-06T09:23:00Z&per_page=100
sources/roy-math-status.json	3523382	070a29f45bac4f4990b8e7ee64d898f74797d2e4380d363a164096bcde5db5b3	2026-09-07T07:40:50Z	200	https://raw.githubusercontent.com/royvanrijn/jacobian-research/a293bd94849d1131eae971c6c274323f02f14fc4/MATH_STATUS.json
sources/zulip-archive-index.html	14717	dd4251bba2223bcd04a759ac6fd8b6ed1fa8469260ae54fea558430f9b652326	2026-09-07T07:40:50Z	200	https://leanprover-community.github.io/archive/index.html
sources/tao-palomar.html	49155	e204868b3aae130042509be7716d5208d905ca1e58ddcdb82912c9d6b427813b	2026-09-07T07:40:50Z	404	https://terrytao.wordpress.com/2026/08/19/palomar-a-registry-of-lean-verified-mathematics/
sources/tao-jc-rss.xml	13173	2b9ebd3812d7270f317d5116650b4805f9bce7031d47e1250bcd1f795d65adf3	2026-09-07T07:40:50Z	200	https://terrytao.wordpress.com/2026/07/21/a-digestion-of-the-jacobian-conjecture-counterexample/feed/
sources/arxiv-schedule.html	90829	89a53566b152218855439f0711471d59d17fa28ebb5a48e56c91a5593de7f85a	2026-09-07T07:40:50Z	200	https://info.arxiv.org/help/availability.html
sources/new-sma-contract.yml	14	d5558cd419c8d46bdc958064cb97f963d1ea793866414c025906ec15033512ed	2026-09-07T07:40:50Z	404	https://raw.githubusercontent.com/vibemathing/problem-um-sma-016-the-jacobian-conjecture-a73a596a/d84b710a75f216d43a57fadac17bd2b18540498e/problem-library/problems/um-sma-016-the-jacobian-conjecture-a73a596a.yaml
sources/new-opg-contract.yml	14	d5558cd419c8d46bdc958064cb97f963d1ea793866414c025906ec15033512ed	2026-09-07T07:40:50Z	404	https://raw.githubusercontent.com/vibemathing/problem-um-opg-1768-jacobian-conjecture-2b59cb7e/a11f82c94cf1018225b859ac1cd7e1a3384c5ab8/problem-library/problems/um-opg-1768-jacobian-conjecture-2b59cb7e.yaml
sources/arxiv-AG-updated.xml	83018	b9c2ddbfa5895c7a032b0a47ee57810f306289757e59b2593b4bfab4a2d62b0e	2026-09-07T07:40:50Z	200	https://export.arxiv.org/api/query?search_query=cat:math.AG&sortBy=lastUpdatedDate&sortOrder=descending&max_results=50
sources/arxiv-AC-updated.xml	90611	b21abadf97632d878fae7ee5c288db34f5d87211f75e7de27ed7cb76f6dc9962	2026-09-07T07:40:50Z	200	https://export.arxiv.org/api/query?search_query=cat:math.AC&sortBy=lastUpdatedDate&sortOrder=descending&max_results=50
sources/arxiv-CV-updated.xml	82683	869d114aaf9f9a58f706c3df5eda7c16b0d3c42872a05c452d4ffd22104992cd	2026-09-07T07:40:52Z	200	https://export.arxiv.org/api/query?search_query=cat:math.CV&sortBy=lastUpdatedDate&sortOrder=descending&max_results=50
sources/zenodo-jc-created.json	186879	71c4dfaac8130203c8b9c2e0d430e94271eb9877b6befb420b3fdea7628ca18e	2026-09-07T07:40:52Z	200	https://zenodo.org/api/records?q=%22Jacobian%20conjecture%22&sort=newest&size=25
sources/zenodo-plane-created.json	179807	bd2e6f800f190b25027dedbe51348eeff69bb976cda8bdfae9b58b22a58f890e	2026-09-07T07:40:51Z	200	https://zenodo.org/api/records?q=%22plane%20Jacobian%22%20OR%20%22Keller%20map%22&sort=newest&size=25
sources/tao-palomar-correct.html	280967	312bbc887af78a117408376fbc5f09f86f3bc85cb9e6473d546072f1056a6bd6	2026-09-07T07:47:45Z	200	https://terrytao.wordpress.com/2026/08/18/palomar-a-registry-of-lean-verified-mathematics/
sources/tao-palomar-feed.xml	22084	1709d04400265cc29c4065d2fa7a8092f988f0f7c00806738959a14fa6cd7591	2026-09-07T07:47:45Z	200	https://terrytao.wordpress.com/2026/08/18/palomar-a-registry-of-lean-verified-mathematics/feed/
sources/zenodo-jc-window.json	9496	5006c038a1d4e1254622a856df3cc1c2b65a2f9a71d773ec00fd9dcfb9bfde41	2026-09-07T07:47:46Z	200	https://zenodo.org/api/records?q=%22Jacobian%20conjecture%22%20AND%20created:%5B2026-09-06T09:23:00%20TO%202026-09-07T08:00:00%5D&sort=newest&size=25
sources/zenodo-jc-modified-window.json	33432	4e4b3f7fc1886bea04f77cbd4fd59c279ccd416d22636f6671b5a5e64c601cc5	2026-09-07T07:47:46Z	200	https://zenodo.org/api/records?q=%22Jacobian%20conjecture%22%20AND%20updated:%5B2026-09-06T09:23:00%20TO%202026-09-07T08:00:00%5D&sort=mostrecent&size=25
sources/roy-math-status-old.json	14	d5558cd419c8d46bdc958064cb97f963d1ea793866414c025906ec15033512ed	2026-09-07T07:47:45Z	404	https://raw.githubusercontent.com/royvanrijn/jacobian-research/7471645748ae31dba60bcd901edcaa5c59b60317/MATH_STATUS.json
sources/jtpmath-sheaf.html	187004	7ac1e5aba704ebbe9a717063fad4e0711f4e2cc642886685b0143f09fca7e7d6	2026-09-07T07:47:46Z	200	https://jtpmath.com/sheaf-theoretic-obstructions-in-higher-dimensions-and-topological-rigidity-in-the-affine-plane/
sources/truong-properness.html	444006	ffd08ade42f4b539a73756dd8128f113bc92918b6ea8583cb96fe309767c385b	2026-09-07T07:47:46Z	200	https://link.springer.com/article/10.1007/s10013-026-00804-y
sources/preprints-old-claim.html	2668	678ad0287cfc6468ab7817384fd6aba915e5ca685b8f827b20b190c9db1d4f25	2026-09-07T07:47:46Z	200	https://www.preprints.org/manuscript/202212.0171/v2
sources/roy-math-status-old-correct.json	3014957	b26de2044a199ff22026435beadf0a45c78ab38b664b2d470ebf91c6b8598a42	2026-09-07T07:48:51Z	200	https://raw.githubusercontent.com/royvanrijn/jacobian-research/7471645748ae07b8d942f6957e314378ca8aed1f/MATH_STATUS.json
sources/atwell-zhao.md	6223	d1bc7470fd8bfba543d09b2267b876516d1610df24e0eaff14164ca891f3d937	2026-09-07T07:48:51Z	200	https://zenodo.org/api/records/22551146/files/02_Atwell_Zhao_OP5_2_v1.0.md/content
sources/atwell-zhao-readme.txt	1029	967ee02b40469004f38d27ab0ae01fdafe0e6f72df31a194efc7637361ee23f2	2026-09-07T07:48:51Z	200	https://zenodo.org/api/records/22551146/files/07_README_FIRST.txt/content
sources/atwell-rank-current.tex	17286	75f25768a56ce0274990a2572e8617636b493ea596bc105542b80d0f811f1780	2026-09-07T07:48:51Z	200	https://zenodo.org/api/records/22168498/files/Relative_Jacobian_Rank_v5.1.tex/content
sources/atwell-rank-readme.txt	669	abc680db0ce4e6e1d6b6aecaa53be0636261e1baa2d6250a3d9edb2976e99f36	2026-09-07T07:48:51Z	200	https://zenodo.org/api/records/22168498/files/README.txt/content
sources/atwell-rank-record.json	7613	f253349223a7c728b401c9ac326b6cc36fd39cc1ef8f14b476c90df93f071d0a	2026-09-07T07:48:51Z	200	https://zenodo.org/api/records/22168498
sources/zulip-palomar.html	21293	402c2d377a7c9768cf7000d6eec3f4ae330190db28d8beaba62734e4e0466b0c	2026-09-07T07:48:51Z	200	https://leanprover.zulipchat.com/#narrow/channel/621638-Palomar
sources/zulip-palomar-archive.html	9379	b620507312c5e97566a3c6cfaf99144fefc18a0da7d941401dfa0f5f58fb0368	2026-09-07T07:48:51Z	404	https://leanprover-community.github.io/archive/stream/621638-Palomar/index.html
sources/zhao-2008.pdf	345145	a79a7fa04c4e03682d8d4fd6664f0214b85e5eae165ab1205a6fbc8047e2b1f0	2026-09-07T07:49:56Z	200	https://arxiv.org/pdf/0704.1689v2
sources/zhao-2007.pdf	374489	197f812d0344985f30cd4353d6d76189614cf1d0f3329d9dc77a27db6780a3f4	2026-09-07T07:49:56Z	200	https://arxiv.org/pdf/math/0409534v2
sources/arxiv-jc-cutoff.xml	152456	93b7e1fa2b5deb417d13ab369757ed94f1f3d0cf7f52453da8d238635e4b5565	2026-09-07T07:49:57Z	200	https://export.arxiv.org/api/query?search_query=all:%22Jacobian%20conjecture%22&sortBy=lastUpdatedDate&sortOrder=descending&max_results=100&start=0
sources/author-Zhao.xml	24179	d2c7b8384d7974cd88e95ae8c82e39d0ebfdba21f59c4a89fa1c493079ddcda8	2026-09-07T07:49:56Z	200	https://export.arxiv.org/api/query?search_query=au:Zhao_Wenhua&sortBy=lastUpdatedDate&sortOrder=descending&max_results=10
sources/author-deBondt.xml	14398	87b26b4595c4ea8978b6665673f5d231cd76a0023be6f4d89f3b43bf17ef7679	2026-09-07T07:49:56Z	200	https://export.arxiv.org/api/query?search_query=au:de_Bondt&sortBy=lastUpdatedDate&sortOrder=descending&max_results=10
sources/author-Truong.xml	24609	b15ce83ddf884424526c6a9b61071224474f11bac83780f410917092aca24eb5	2026-09-07T07:49:56Z	200	https://export.arxiv.org/api/query?search_query=au:Truong_Tuyen&sortBy=lastUpdatedDate&sortOrder=descending&max_results=10
sources/zenodo-jc-cutoff.json	186887	63de92c70347050f1d562cd06a73f7ffede6c8a7c0cdd1f40cb74a7f64d5781e	2026-09-07T07:49:57Z	200	https://zenodo.org/api/records?q=%22Jacobian%20conjecture%22&sort=mostrecent&size=25&page=1
sources/palomar-recent-cutoff.json	2035	dcc436d37c3e1db10f41080ddc56580ed4b877b8978a609c5dd96022d0be5898	2026-09-07T07:49:56Z	404	https://palomar-registry.org/indexes/recent.json
sources/palomar-recent-final.json	528917	4dc3d61dbcc4b975d5af00742d5a162f00df9a780cdae3ba7caef87df3aeb1ca	2026-09-07T07:50:19Z	200	https://data.palomar-registry.org/recent.json
sources/zenodo-plane-window.json	9341	111a41369d7638077ea1696446c8b1097b8ee64b81df4f6ad700207c007bed14	2026-09-07T07:50:20Z	200	https://zenodo.org/api/records?q=(%22plane%20Jacobian%22%20OR%20%22Keller%20map%22)%20AND%20updated:%5B2026-09-06T09:23:00%20TO%202026-09-07T08:00:00%5D&sort=mostrecent&size=25
sources/zenodo-zhao-record.json	7635	93305129f4faca49a8ee353c3053dce61554c152dee629159a25e1191d9ad5df	2026-09-07T07:50:20Z	200	https://zenodo.org/api/records/22551146
sources/zenodo-rank-versions.json	14261	5ceed6d5ba92aad1c125dba5405e8b9c25439f63b1d0953fb7e890ba212f9a1d	2026-09-07T07:50:20Z	200	https://zenodo.org/api/records/22168498/versions
