kind	key	coordinate	coefficient_exact
derivative-only	('f', 'F0', -9, 0)	constant	0|(15625/3)*S^0|0
derivative-only	('f', 'F0', -9, 5)	constant	(-31250/1)*S^0|0|0
derivative-only	('f', 'F0', -8, 3)	constant	(-311430000/1)*S^0+(-669690000/1)*S^1+(-526680000/1)*S^2+(-78540000/1)*S^3|0|0
derivative-only	('f', 'F0', -8, 3)	p4	(-2500/1)*S^0|0|0
derivative-only	('f', 'F0', -8, 3)	p8	(-12500/1)*S^0|0|0
derivative-only	('f', 'F0', -8, 3)	p13	(-37500/1)*S^0|0|0
derivative-only	('f', 'F0', -8, 3)	p19	(-87500/1)*S^0|0|0
derivative-only	('f', 'F0', -8, 3)	p24	(1925000/1)*S^0|0|0
derivative-only	('f', 'F0', -8, 3)	p25	(1925000/1)*S^0|0|0
derivative-only	('f', 'F0', -8, 3)	p26	(1925000/1)*S^0|0|0
derivative-only	('f', 'F0', -8, 3)	p27	(15330000/1)*S^0|0|0
derivative-only	('f', 'F0', -8, 3)	p28	(3780000/1)*S^0|0|0
derivative-only	('f', 'F0', -8, 3)	p29	(-17745000/1)*S^0|0|0
derivative-only	('f', 'F0', -7, 1)	constant	(1138088639/3)*S^0+(464531421/1)*S^1+(411746397/1)*S^2+(178657319/1)*S^3+(13450248/1)*S^4+(-1014300/1)*S^5|(-156250/3)*S^0|0
derivative-only	('f', 'F0', -7, 1)	p0	(-25/1)*S^0|0|0
derivative-only	('f', 'F0', -7, 1)	p1	(50/1)*S^0|0|0
derivative-only	('f', 'F0', -7, 1)	p2	(475/1)*S^0|0|0
derivative-only	('f', 'F0', -7, 1)	p3	(250/1)*S^0|0|0
derivative-only	('f', 'F0', -7, 1)	p4	(3450/1)*S^0|0|0
derivative-only	('f', 'F0', -7, 1)	p5	(950/1)*S^0|0|0
derivative-only	('f', 'F0', -7, 1)	p6	(-800/1)*S^0|0|0
derivative-only	('f', 'F0', -7, 1)	p7	(425/1)*S^0|0|0
derivative-only	('f', 'F0', -7, 1)	p8	(2600/1)*S^0|0|0
derivative-only	('f', 'F0', -7, 1)	p9	(-3450/1)*S^0|0|0
derivative-only	('f', 'F0', -7, 1)	p10	(-5875/1)*S^0|0|0
derivative-only	('f', 'F0', -7, 1)	p11	(-67425/1)*S^0|0|0
derivative-only	('f', 'F0', -7, 1)	p12	(-25400/1)*S^0|0|0
derivative-only	('f', 'F0', -7, 1)	p13	(-12500/1)*S^0|0|0
derivative-only	('f', 'F0', -7, 1)	p14	(-12900/1)*S^0|0|0
derivative-only	('f', 'F0', -7, 1)	p15	(-175050/1)*S^0|0|0
derivative-only	('f', 'F0', -7, 1)	p16	(45800/1)*S^0|0|0
derivative-only	('f', 'F0', -7, 1)	p17	(-151825/1)*S^0|0|0
derivative-only	('f', 'F0', -7, 1)	p18	(53850/1)*S^0|0|0
derivative-only	('f', 'F0', -7, 1)	p19	(82400/1)*S^0|0|0
derivative-only	('f', 'F0', -7, 1)	p20	(1231000/1)*S^0|0|0
derivative-only	('f', 'F0', -7, 1)	p21	(1926675/1)*S^0|0|0
derivative-only	('f', 'F0', -7, 1)	p22	(428625/1)*S^0|0|0
derivative-only	('f', 'F0', -7, 1)	p23	(381050/1)*S^0|0|0
derivative-only	('f', 'F0', -7, 1)	p24	(6026100/1)*S^0|0|0
derivative-only	('f', 'F0', -7, 1)	p25	(4566275/1)*S^0|0|0
derivative-only	('f', 'F0', -7, 1)	p26	(-914375/1)*S^0|0|0
derivative-only	('f', 'F0', -7, 1)	p27	(-6253100/1)*S^0|0|0
derivative-only	('f', 'F0', -7, 1)	p28	(1476275/1)*S^0|0|0
derivative-only	('f', 'F0', -7, 1)	p29	(10931950/1)*S^0|0|0
derivative-only	('f', 'F0', -6, 4)	constant	(207506250/1)*S^0+(264600000/1)*S^1+(107493750/1)*S^2|0|0
derivative-only	('f', 'F0', -6, 4)	p11	(-15625/1)*S^0|0|0
derivative-only	('f', 'F0', -6, 4)	p17	(-93750/1)*S^0|0|0
derivative-only	('f', 'F0', -6, 4)	p22	(-328125/1)*S^0|0|0
derivative-only	('f', 'F0', -6, 4)	p26	(-875000/1)*S^0|0|0
derivative-only	('f', 'F0', -6, 4)	p29	(25593750/1)*S^0|0|0
derivative-only	('f', 'F0', -5, 2)	constant	(642307500/1)*S^0+(928929150/1)*S^1+(418651425/1)*S^2+(-44499600/1)*S^3+(-28379250/1)*S^4+(-1004400/1)*S^5|0|0
derivative-only	('f', 'F0', -5, 2)	p2	(-375/1)*S^0|0|0
derivative-only	('f', 'F0', -5, 2)	p7	(-1500/1)*S^0|0|0
derivative-only	('f', 'F0', -5, 2)	p12	(30000/1)*S^0|0|0
derivative-only	('f', 'F0', -5, 2)	p13	(30000/1)*S^0|0|0
derivative-only	('f', 'F0', -5, 2)	p14	(30000/1)*S^0|0|0
derivative-only	('f', 'F0', -5, 2)	p15	(270000/1)*S^0|0|0
derivative-only	('f', 'F0', -5, 2)	p16	(405000/1)*S^0|0|0
derivative-only	('f', 'F0', -5, 2)	p17	(270000/1)*S^0|0|0
derivative-only	('f', 'F0', -5, 2)	p18	(202500/1)*S^0|0|0
derivative-only	('f', 'F0', -5, 2)	p19	(67500/1)*S^0|0|0
derivative-only	('f', 'F0', -5, 2)	p20	(2025000/1)*S^0|0|0
derivative-only	('f', 'F0', -5, 2)	p21	(787500/1)*S^0|0|0
derivative-only	('f', 'F0', -5, 2)	p23	(-206250/1)*S^0|0|0
derivative-only	('f', 'F0', -5, 2)	p24	(-3712500/1)*S^0|0|0
derivative-only	('f', 'F0', -5, 2)	p25	(-3196875/1)*S^0|0|0
derivative-only	('f', 'F0', -5, 2)	p26	(-1443750/1)*S^0|0|0
derivative-only	('f', 'F0', -5, 2)	p27	(-11434500/1)*S^0|0|0
derivative-only	('f', 'F0', -5, 2)	p28	(-1270500/1)*S^0|0|0
derivative-only	('f', 'F0', -5, 2)	p29	(13104000/1)*S^0|0|0
derivative-only	('f', 'F0', -4, 0)	constant	(-1735935219/2)*S^0+(-8766211131/10)*S^1+(-3702228387/10)*S^2+(-1125131689/10)*S^3+(-50299404/5)*S^4+(4475202/5)*S^5|(15625/1)*S^0|0
derivative-only	('f', 'F0', -4, 0)	p0	(45/2)*S^0|0|0
derivative-only	('f', 'F0', -4, 0)	p1	(-20/1)*S^0|0|0
derivative-only	('f', 'F0', -4, 0)	p2	(-645/2)*S^0|0|0
derivative-only	('f', 'F0', -4, 0)	p3	(-265/1)*S^0|0|0
derivative-only	('f', 'F0', -4, 0)	p4	(-2755/1)*S^0|0|0
derivative-only	('f', 'F0', -4, 0)	p5	(-1385/1)*S^0|0|0
derivative-only	('f', 'F0', -4, 0)	p6	(95/1)*S^0|0|0
derivative-only	('f', 'F0', -4, 0)	p7	(-795/2)*S^0|0|0
derivative-only	('f', 'F0', -4, 0)	p8	(-2920/1)*S^0|0|0
derivative-only	('f', 'F0', -4, 0)	p9	(1360/1)*S^0|0|0
derivative-only	('f', 'F0', -4, 0)	p10	(8955/2)*S^0|0|0
derivative-only	('f', 'F0', -4, 0)	p11	(136635/2)*S^0|0|0
derivative-only	('f', 'F0', -4, 0)	p12	(37650/1)*S^0|0|0
derivative-only	('f', 'F0', -4, 0)	p13	(13190/1)*S^0|0|0
derivative-only	('f', 'F0', -4, 0)	p14	(7730/1)*S^0|0|0
derivative-only	('f', 'F0', -4, 0)	p15	(266705/1)*S^0|0|0
derivative-only	('f', 'F0', -4, 0)	p16	(22755/1)*S^0|0|0
derivative-only	('f', 'F0', -4, 0)	p17	(376695/2)*S^0|0|0
derivative-only	('f', 'F0', -4, 0)	p18	(17255/1)*S^0|0|0
derivative-only	('f', 'F0', -4, 0)	p19	(-55640/1)*S^0|0|0
derivative-only	('f', 'F0', -4, 0)	p20	(-449905/1)*S^0|0|0
derivative-only	('f', 'F0', -4, 0)	p21	(-2567695/2)*S^0|0|0
derivative-only	('f', 'F0', -4, 0)	p22	(-244995/2)*S^0|0|0
derivative-only	('f', 'F0', -4, 0)	p23	(-111690/1)*S^0|0|0
derivative-only	('f', 'F0', -4, 0)	p24	(-3044810/1)*S^0|0|0
derivative-only	('f', 'F0', -4, 0)	p25	(-6008605/2)*S^0|0|0
derivative-only	('f', 'F0', -4, 0)	p26	(1909025/2)*S^0|0|0
derivative-only	('f', 'F0', -4, 0)	p27	(3045865/1)*S^0|0|0
derivative-only	('f', 'F0', -4, 0)	p28	(-8868615/2)*S^0|0|0
derivative-only	('f', 'F0', -4, 0)	p29	(-17484205/1)*S^0|0|0
derivative-only	('f', 'F0', -4, 5)	p15	(-93750/1)*S^0|0|0
derivative-only	('f', 'F0', -4, 5)	p20	(-656250/1)*S^0|0|0
derivative-only	('f', 'F0', -4, 5)	p24	(-2625000/1)*S^0|0|0
derivative-only	('f', 'F0', -4, 5)	p27	(-7875000/1)*S^0|0|0
derivative-only	('f', 'F0', -4, 5)	p29	(-19687500/1)*S^0|0|0
derivative-only	('f', 'F0', -3, 3)	constant	(-2270138500/1)*S^0+(-2386146000/1)*S^1+(-470484000/1)*S^2+(158620000/1)*S^3+(24255000/1)*S^4|0|0
derivative-only	('f', 'F0', -3, 3)	p5	(-2500/1)*S^0|0|0
derivative-only	('f', 'F0', -3, 3)	p9	(-12500/1)*S^0|0|0
derivative-only	('f', 'F0', -3, 3)	p14	(-37500/1)*S^0|0|0
derivative-only	('f', 'F0', -3, 3)	p21	(875000/1)*S^0|0|0
derivative-only	('f', 'F0', -3, 3)	p22	(875000/1)*S^0|0|0
derivative-only	('f', 'F0', -3, 3)	p23	(875000/1)*S^0|0|0
derivative-only	('f', 'F0', -3, 3)	p24	(9625000/1)*S^0|0|0
derivative-only	('f', 'F0', -3, 3)	p25	(6737500/1)*S^0|0|0
derivative-only	('f', 'F0', -3, 3)	p26	(1925000/1)*S^0|0|0
derivative-only	('f', 'F0', -3, 3)	p28	(-7770000/1)*S^0|0|0
derivative-only	('f', 'F0', -3, 3)	p29	(-49140000/1)*S^0|0|0
derivative-only	('g', 'F0', -11, 4)	constant	0|(625000000/9)*S^0+(-1093750000/9)*S^1+(87890625/1)*S^2+(-273437500/9)*S^3+(39062500/9)*S^4|0
derivative-only	('g', 'F0', -11, 9)	constant	(-250000000/3)*S^0+(437500000/3)*S^1+(-105468750/1)*S^2+(109375000/3)*S^3+(-15625000/3)*S^4|0|0
derivative-only	('g', 'F0', -10, 2)	constant	(33795388897443050/1)*S^0+(84260983406557700/1)*S^1+(26528092897439900/1)*S^2+(24156100763940050/1)*S^3+(-4551203822469400/1)*S^4+(630852230066100/1)*S^5|0|0
derivative-only	('g', 'F0', -10, 2)	p33	(-375/1)*S^0|0|0
derivative-only	('g', 'F0', -10, 2)	p38	(-1500/1)*S^0|0|0
derivative-only	('g', 'F0', -10, 2)	p42	(-3750/1)*S^0|0|0
derivative-only	('g', 'F0', -10, 2)	p50	(67500/1)*S^0|0|0
derivative-only	('g', 'F0', -10, 2)	p51	(67500/1)*S^0|0|0
derivative-only	('g', 'F0', -10, 2)	p52	(67500/1)*S^0|0|0
derivative-only	('g', 'F0', -10, 2)	p53	(675000/1)*S^0|0|0
derivative-only	('g', 'F0', -10, 2)	p54	(1012500/1)*S^0|0|0
derivative-only	('g', 'F0', -10, 2)	p55	(675000/1)*S^0|0|0
derivative-only	('g', 'F0', -10, 2)	p56	(468750/1)*S^0|0|0
derivative-only	('g', 'F0', -10, 2)	p57	(131250/1)*S^0|0|0
derivative-only	('g', 'F0', -10, 2)	p58	(8662500/1)*S^0|0|0
derivative-only	('g', 'F0', -10, 2)	p59	(5784375/1)*S^0|0|0
derivative-only	('g', 'F0', -10, 2)	p60	(5156250/1)*S^0|0|0
derivative-only	('g', 'F0', -10, 2)	p61	(1959375/1)*S^0|0|0
derivative-only	('g', 'F0', -10, 2)	p63	(-490875/1)*S^0|0|0
derivative-only	('g', 'F0', -10, 2)	p64	(63525000/1)*S^0|0|0
derivative-only	('g', 'F0', -10, 2)	p65	(38362500/1)*S^0|0|0
derivative-only	('g', 'F0', -10, 2)	p66	(-13612500/1)*S^0|0|0
derivative-only	('g', 'F0', -10, 2)	p67	(17737500/1)*S^0|0|0
derivative-only	('g', 'F0', -10, 2)	p68	(-13014000/1)*S^0|0|0
derivative-only	('g', 'F0', -10, 2)	p69	(-8662500/1)*S^0|0|0
derivative-only	('g', 'F0', -10, 2)	p70	(-7161000/1)*S^0|0|0
derivative-only	('g', 'F0', -10, 2)	p71	(-2772000/1)*S^0|0|0
derivative-only	('g', 'F0', -10, 2)	p72	(59321625/1)*S^0|0|0
derivative-only	('g', 'F0', -10, 2)	p73	(-198000000/1)*S^0|0|0
derivative-only	('g', 'F0', -10, 2)	p74	(-407046750/1)*S^0|0|0
derivative-only	('g', 'F0', -10, 2)	p75	(-123123000/1)*S^0|0|0
derivative-only	('g', 'F0', -10, 2)	p76	(-94996125/1)*S^0|0|0
derivative-only	('g', 'F0', -10, 2)	p77	(-22932000/1)*S^0|0|0
derivative-only	('g', 'F0', -10, 2)	p78	(-1365000/1)*S^0|0|0
derivative-only	('g', 'F0', -10, 2)	p79	(-4046484750/1)*S^0|0|0
derivative-only	('g', 'F0', -10, 2)	p80	(-2404710000/1)*S^0|0|0
derivative-only	('g', 'F0', -10, 2)	p81	(-1636145250/1)*S^0|0|0
derivative-only	('g', 'F0', -10, 2)	p82	(-1412943750/1)*S^0|0|0
derivative-only	('g', 'F0', -10, 2)	p83	(-1301865000/1)*S^0|0|0
derivative-only	('g', 'F0', -10, 2)	p84	(-91728000/1)*S^0|0|0
derivative-only	('g', 'F0', -10, 2)	p85	(-46305000/1)*S^0|0|0
derivative-only	('g', 'F0', -10, 2)	p86	(26208000/1)*S^0|0|0
derivative-only	('g', 'F0', -10, 2)	p87	(-14975218125/1)*S^0|0|0
derivative-only	('g', 'F0', -10, 2)	p88	(3772701750/1)*S^0|0|0
derivative-only	('g', 'F0', -10, 2)	p89	(-23358819375/1)*S^0|0|0
derivative-only	('g', 'F0', -10, 2)	p90	(-5480437500/1)*S^0|0|0
derivative-only	('g', 'F0', -10, 2)	p91	(-1623395625/1)*S^0|0|0
derivative-only	('g', 'F0', -10, 2)	p92	(-717345000/1)*S^0|0|0
derivative-only	('g', 'F0', -10, 2)	p93	(-1789317000/1)*S^0|0|0
derivative-only	('g', 'F0', -10, 2)	p94	(364455000/1)*S^0|0|0
derivative-only	('g', 'F0', -10, 2)	p95	(-82569375/1)*S^0|0|0
derivative-only	('g', 'F0', -10, 2)	p96	(-8420212500/1)*S^0|0|0
derivative-only	('g', 'F0', -10, 2)	p97	(129806535750/1)*S^0|0|0
derivative-only	('g', 'F0', -10, 2)	p98	(-36137805750/1)*S^0|0|0
derivative-only	('g', 'F0', -10, 2)	p99	(16757077500/1)*S^0|0|0
derivative-only	('g', 'F0', -10, 2)	p100	(6971340000/1)*S^0|0|0
derivative-only	('g', 'F0', -10, 2)	p101	(401220000/1)*S^0|0|0
derivative-only	('g', 'F0', -10, 2)	p102	(-5180418000/1)*S^0|0|0
derivative-only	('g', 'F0', -10, 2)	p103	(-85050000/1)*S^0|0|0
derivative-only	('g', 'F0', -10, 2)	p104	(375387407625/1)*S^0|0|0
derivative-only	('g', 'F0', -10, 2)	p105	(755395314000/1)*S^0|0|0
derivative-only	('g', 'F0', -10, 2)	p106	(-63632981250/1)*S^0|0|0
derivative-only	('g', 'F0', -10, 2)	p107	(45482962500/1)*S^0|0|0
derivative-only	('g', 'F0', -10, 2)	p108	(4703947500/1)*S^0|0|0
derivative-only	('g', 'F0', -10, 2)	p109	(-3310650000/1)*S^0|0|0
derivative-only	('g', 'F0', -10, 2)	p110	(-8297415000/1)*S^0|0|0
derivative-only	('g', 'F0', -10, 2)	p111	(1205084936250/1)*S^0|0|0
derivative-only	('g', 'F0', -10, 2)	p112	(2342488098750/1)*S^0|0|0
derivative-only	('g', 'F0', -10, 2)	p113	(-214585301250/1)*S^0|0|0
derivative-only	('g', 'F0', -10, 2)	p114	(148167562500/1)*S^0|0|0
derivative-only	('g', 'F0', -10, 2)	p115	(40862241000/1)*S^0|0|0
derivative-only	('g', 'F0', -10, 2)	p116	(-3442527000/1)*S^0|0|0
derivative-only	('g', 'F0', -10, 2)	p117	(3811422596625/1)*S^0|0|0
derivative-only	('g', 'F0', -10, 2)	p118	(7188361444500/1)*S^0|0|0
derivative-only	('g', 'F0', -10, 2)	p119	(60122432250/1)*S^0|0|0
derivative-only	('g', 'F0', -10, 2)	p120	(715678078500/1)*S^0|0|0
derivative-only	('g', 'F0', -10, 2)	p121	(401372982000/1)*S^0|0|0
derivative-only	('g', 'F0', -10, 2)	p122	(20713843395000/1)*S^0|0|0
derivative-only	('g', 'F0', -10, 2)	p123	(24889431905250/1)*S^0|0|0
derivative-only	('g', 'F0', -10, 2)	p124	(3381656838750/1)*S^0|0|0
derivative-only	('g', 'F0', -10, 2)	p125	(1639082002500/1)*S^0|0|0
derivative-only	('g', 'F0', -10, 2)	p126	(53716897906875/1)*S^0|0|0
derivative-only	('g', 'F0', -10, 2)	p127	(40597702341000/1)*S^0|0|0
derivative-only	('g', 'F0', -10, 2)	p128	(-9692088230250/1)*S^0|0|0
derivative-only	('g', 'F0', -10, 2)	p129	(-139226576304750/1)*S^0|0|0
derivative-only	('g', 'F0', -10, 2)	p130	(16271306196750/1)*S^0|0|0
derivative-only	('g', 'F0', -10, 2)	p131	(156383578395000/1)*S^0|0|0
derivative-only	('g', 'F0', -10, 7)	constant	(-2174050125000000/1)*S^0+(-3654677812500000/1)*S^1+(-2081079000000000/1)*S^2+(-334459125000000/1)*S^3|0|0
derivative-only	('g', 'F0', -10, 7)	p64	(-3125000/1)*S^0|0|0
derivative-only	('g', 'F0', -10, 7)	p72	(-28125000/1)*S^0|0|0
derivative-only	('g', 'F0', -10, 7)	p81	(-140625000/1)*S^0|0|0
derivative-only	('g', 'F0', -10, 7)	p91	(-515625000/1)*S^0|0|0
derivative-only	('g', 'F0', -10, 7)	p100	(-1546875000/1)*S^0|0|0
derivative-only	('g', 'F0', -10, 7)	p108	(-4021875000/1)*S^0|0|0
derivative-only	('g', 'F0', -10, 7)	p115	(-9384375000/1)*S^0|0|0
derivative-only	('g', 'F0', -10, 7)	p121	(-20109375000/1)*S^0|0|0
derivative-only	('g', 'F0', -10, 7)	p126	(844593750000/1)*S^0|0|0
derivative-only	('g', 'F0', -10, 7)	p127	(844593750000/1)*S^0|0|0
derivative-only	('g', 'F0', -10, 7)	p128	(844593750000/1)*S^0|0|0
derivative-only	('g', 'F0', -10, 7)	p129	(10961843750000/1)*S^0|0|0
derivative-only	('g', 'F0', -10, 7)	p130	(1671312500000/1)*S^0|0|0
derivative-only	('g', 'F0', -10, 7)	p131	(-16074987500000/1)*S^0|0|0
derivative-only	('g', 'F0', -9, 0)	constant	(-1002116729217751429/120)*S^0+(-65984251607081416/15)*S^1+(-128191458187957303/10)*S^2+(153582257988679043/120)*S^3+(-36369311103169687/60)*S^4+(699320998064002/1)*S^5|(658300000/9)*S^0+(-1152025000/9)*S^1+(185146875/2)*S^2+(-288006250/9)*S^3+(41143750/9)*S^4|(312500000/27)*S^0+(-546875000/27)*S^1+(29296875/2)*S^2+(-136718750/27)*S^3+(19531250/27)*S^4
derivative-only	('g', 'F0', -9, 0)	p30	(5/1)*S^0|0|0
derivative-only	('g', 'F0', -9, 0)	p31	(-5/2)*S^0|0|0
derivative-only	('g', 'F0', -9, 0)	p32	(20/1)*S^0|0|0
derivative-only	('g', 'F0', -9, 0)	p33	(65/1)*S^0|0|0
derivative-only	('g', 'F0', -9, 0)	p34	(95/2)*S^0|0|0
derivative-only	('g', 'F0', -9, 0)	p35	(25/1)*S^0|0|0
derivative-only	('g', 'F0', -9, 0)	p36	(345/1)*S^0|0|0
derivative-only	('g', 'F0', -9, 0)	p37	(-85/1)*S^0|0|0
derivative-only	('g', 'F0', -9, 0)	p39	(-275/2)*S^0|0|0
derivative-only	('g', 'F0', -9, 0)	p40	(-1000/1)*S^0|0|0
derivative-only	('g', 'F0', -9, 0)	p41	(-1325/1)*S^0|0|0
derivative-only	('g', 'F0', -9, 0)	p42	(-575/2)*S^0|0|0
derivative-only	('g', 'F0', -9, 0)	p43	(-16565/2)*S^0|0|0
derivative-only	('g', 'F0', -9, 0)	p44	(3830/1)*S^0|0|0
derivative-only	('g', 'F0', -9, 0)	p45	(-1250/1)*S^0|0|0
derivative-only	('g', 'F0', -9, 0)	p46	(-490/1)*S^0|0|0
derivative-only	('g', 'F0', -9, 0)	p47	(-67685/2)*S^0|0|0
derivative-only	('g', 'F0', -9, 0)	p48	(33735/1)*S^0|0|0
derivative-only	('g', 'F0', -9, 0)	p49	(70130/1)*S^0|0|0
derivative-only	('g', 'F0', -9, 0)	p50	(9235/2)*S^0|0|0
derivative-only	('g', 'F0', -9, 0)	p51	(33135/1)*S^0|0|0
derivative-only	('g', 'F0', -9, 0)	p52	(1940/1)*S^0|0|0
derivative-only	('g', 'F0', -9, 0)	p53	(164975/1)*S^0|0|0
derivative-only	('g', 'F0', -9, 0)	p54	(350560/1)*S^0|0|0
derivative-only	('g', 'F0', -9, 0)	p55	(725745/2)*S^0|0|0
derivative-only	('g', 'F0', -9, 0)	p56	(84325/2)*S^0|0|0
derivative-only	('g', 'F0', -9, 0)	p57	(86680/1)*S^0|0|0
derivative-only	('g', 'F0', -9, 0)	p58	(946795/1)*S^0|0|0
derivative-only	('g', 'F0', -9, 0)	p59	(-974185/2)*S^0|0|0
derivative-only	('g', 'F0', -9, 0)	p60	(886935/1)*S^0|0|0
derivative-only	('g', 'F0', -9, 0)	p61	(1060145/1)*S^0|0|0
derivative-only	('g', 'F0', -9, 0)	p62	(1905265/2)*S^0|0|0
derivative-only	('g', 'F0', -9, 0)	p63	(90545/2)*S^0|0|0
derivative-only	('g', 'F0', -9, 0)	p64	(4847320/1)*S^0|0|0
derivative-only	('g', 'F0', -9, 0)	p65	(-4095035/1)*S^0|0|0
derivative-only	('g', 'F0', -9, 0)	p66	(-7780310/1)*S^0|0|0
derivative-only	('g', 'F0', -9, 0)	p67	(1878075/1)*S^0|0|0
derivative-only	('g', 'F0', -9, 0)	p68	(-5631465/1)*S^0|0|0
derivative-only	('g', 'F0', -9, 0)	p69	(-474455/1)*S^0|0|0
derivative-only	('g', 'F0', -9, 0)	p70	(63490/1)*S^0|0|0
derivative-only	('g', 'F0', -9, 0)	p71	(97045/2)*S^0|0|0
derivative-only	('g', 'F0', -9, 0)	p72	(1682820/1)*S^0|0|0
derivative-only	('g', 'F0', -9, 0)	p73	(-130420925/2)*S^0|0|0
derivative-only	('g', 'F0', -9, 0)	p74	(-89898815/1)*S^0|0|0
derivative-only	('g', 'F0', -9, 0)	p75	(-43698300/1)*S^0|0|0
derivative-only	('g', 'F0', -9, 0)	p76	(-51075270/1)*S^0|0|0
derivative-only	('g', 'F0', -9, 0)	p77	(-30962435/2)*S^0|0|0
derivative-only	('g', 'F0', -9, 0)	p78	(-826345/1)*S^0|0|0
derivative-only	('g', 'F0', -9, 0)	p79	(-322957810/1)*S^0|0|0
derivative-only	('g', 'F0', -9, 0)	p80	(-764649465/2)*S^0|0|0
derivative-only	('g', 'F0', -9, 0)	p81	(-533857805/1)*S^0|0|0
derivative-only	('g', 'F0', -9, 0)	p82	(-658330445/1)*S^0|0|0
derivative-only	('g', 'F0', -9, 0)	p83	(-510613890/1)*S^0|0|0
derivative-only	('g', 'F0', -9, 0)	p84	(-181400285/1)*S^0|0|0
derivative-only	('g', 'F0', -9, 0)	p85	(-133118895/1)*S^0|0|0
derivative-only	('g', 'F0', -9, 0)	p86	(-68846985/2)*S^0|0|0
derivative-only	('g', 'F0', -9, 0)	p87	(-3774482885/1)*S^0|0|0
derivative-only	('g', 'F0', -9, 0)	p88	(-3515749130/1)*S^0|0|0
derivative-only	('g', 'F0', -9, 0)	p89	(-5090319955/1)*S^0|0|0
derivative-only	('g', 'F0', -9, 0)	p90	(-3142798620/1)*S^0|0|0
derivative-only	('g', 'F0', -9, 0)	p91	(-2542101570/1)*S^0|0|0
derivative-only	('g', 'F0', -9, 0)	p92	(-2064347145/1)*S^0|0|0
derivative-only	('g', 'F0', -9, 0)	p93	(-1341516890/1)*S^0|0|0
derivative-only	('g', 'F0', -9, 0)	p94	(-386822555/1)*S^0|0|0
derivative-only	('g', 'F0', -9, 0)	p95	(-265916140/1)*S^0|0|0
derivative-only	('g', 'F0', -9, 0)	p96	(-31576839790/1)*S^0|0|0
derivative-only	('g', 'F0', -9, 0)	p97	(-31091448105/2)*S^0|0|0
derivative-only	('g', 'F0', -9, 0)	p98	(-17869418880/1)*S^0|0|0
derivative-only	('g', 'F0', -9, 0)	p99	(-14610198725/2)*S^0|0|0
derivative-only	('g', 'F0', -9, 0)	p100	(-5800929860/1)*S^0|0|0
derivative-only	('g', 'F0', -9, 0)	p101	(-3421168170/1)*S^0|0|0
derivative-only	('g', 'F0', -9, 0)	p102	(-1827690920/1)*S^0|0|0
derivative-only	('g', 'F0', -9, 0)	p103	(292783050/1)*S^0|0|0
derivative-only	('g', 'F0', -9, 0)	p104	(-83415851475/1)*S^0|0|0
derivative-only	('g', 'F0', -9, 0)	p105	(-12163738155/2)*S^0|0|0
derivative-only	('g', 'F0', -9, 0)	p106	(-18810031120/1)*S^0|0|0
derivative-only	('g', 'F0', -9, 0)	p107	(34968743895/2)*S^0|0|0
derivative-only	('g', 'F0', -9, 0)	p108	(15544726940/1)*S^0|0|0
derivative-only	('g', 'F0', -9, 0)	p109	(10626670590/1)*S^0|0|0
derivative-only	('g', 'F0', -9, 0)	p110	(4960882210/1)*S^0|0|0
derivative-only	('g', 'F0', -9, 0)	p111	(340286838010/1)*S^0|0|0
derivative-only	('g', 'F0', -9, 0)	p112	(1100742976235/2)*S^0|0|0
derivative-only	('g', 'F0', -9, 0)	p113	(369366632240/1)*S^0|0|0
derivative-only	('g', 'F0', -9, 0)	p114	(499303459195/2)*S^0|0|0
derivative-only	('g', 'F0', -9, 0)	p115	(202671503205/2)*S^0|0|0
derivative-only	('g', 'F0', -9, 0)	p116	(10243471130/1)*S^0|0|0
derivative-only	('g', 'F0', -9, 0)	p117	(4736346414900/1)*S^0|0|0
derivative-only	('g', 'F0', -9, 0)	p118	(2795911205015/1)*S^0|0|0
derivative-only	('g', 'F0', -9, 0)	p119	(1811282437365/2)*S^0|0|0
derivative-only	('g', 'F0', -9, 0)	p120	(497229599445/2)*S^0|0|0
derivative-only	('g', 'F0', -9, 0)	p121	(49965308145/2)*S^0|0|0
derivative-only	('g', 'F0', -9, 0)	p122	(11143165180685/2)*S^0|0|0
derivative-only	('g', 'F0', -9, 0)	p123	(3096419042465/2)*S^0|0|0
derivative-only	('g', 'F0', -9, 0)	p124	(-268018869365/1)*S^0|0|0
derivative-only	('g', 'F0', -9, 0)	p125	(299452316485/2)*S^0|0|0
derivative-only	('g', 'F0', -9, 0)	p126	(-8770587994845/1)*S^0|0|0
derivative-only	('g', 'F0', -9, 0)	p127	(-2348078886295/2)*S^0|0|0
derivative-only	('g', 'F0', -9, 0)	p128	(-3053114252155/2)*S^0|0|0
derivative-only	('g', 'F0', -9, 0)	p129	(-35382857018190/1)*S^0|0|0
derivative-only	('g', 'F0', -9, 0)	p130	(-17668650089465/2)*S^0|0|0
derivative-only	('g', 'F0', -9, 0)	p131	(-2672758425150/1)*S^0|0|0
derivative-only	('g', 'F0', -9, 5)	constant	(-8972140204631250/1)*S^0+(-15300349910175000/1)*S^1+(449224893150000/1)*S^2+(4425246773268750/1)*S^3+(3529560136162500/1)*S^4+(332426739150000/1)*S^5|0|0
derivative-only	('g', 'F0', -9, 5)	p47	(-93750/1)*S^0|0|0
derivative-only	('g', 'F0', -9, 5)	p53	(-656250/1)*S^0|0|0
derivative-only	('g', 'F0', -9, 5)	p60	(-2625000/1)*S^0|0|0
derivative-only	('g', 'F0', -9, 5)	p69	(-7875000/1)*S^0|0|0
derivative-only	('g', 'F0', -9, 5)	p77	(-19687500/1)*S^0|0|0
derivative-only	('g', 'F0', -9, 5)	p86	(-43312500/1)*S^0|0|0
derivative-only	('g', 'F0', -9, 5)	p101	(1386000000/1)*S^0|0|0
derivative-only	('g', 'F0', -9, 5)	p102	(1386000000/1)*S^0|0|0
derivative-only	('g', 'F0', -9, 5)	p103	(1386000000/1)*S^0|0|0
derivative-only	('g', 'F0', -9, 5)	p105	(11781000000/1)*S^0|0|0
derivative-only	('g', 'F0', -9, 5)	p106	(23562000000/1)*S^0|0|0
derivative-only	('g', 'F0', -9, 5)	p107	(35343000000/1)*S^0|0|0
derivative-only	('g', 'F0', -9, 5)	p108	(23562000000/1)*S^0|0|0
derivative-only	('g', 'F0', -9, 5)	p109	(14515875000/1)*S^0|0|0
derivative-only	('g', 'F0', -9, 5)	p110	(2734875000/1)*S^0|0|0
derivative-only	('g', 'F0', -9, 5)	p111	(494802000000/1)*S^0|0|0
derivative-only	('g', 'F0', -9, 5)	p112	(448729875000/1)*S^0|0|0
derivative-only	('g', 'F0', -9, 5)	p113	(261285750000/1)*S^0|0|0
derivative-only	('g', 'F0', -9, 5)	p114	(95299875000/1)*S^0|0|0
derivative-only	('g', 'F0', -9, 5)	p116	(-19546312500/1)*S^0|0|0
derivative-only	('g', 'F0', -9, 5)	p117	(1498921875000/1)*S^0|0|0
derivative-only	('g', 'F0', -9, 5)	p118	(-83763281250/1)*S^0|0|0
derivative-only	('g', 'F0', -9, 5)	p119	(-467663625000/1)*S^0|0|0
derivative-only	('g', 'F0', -9, 5)	p120	(-359917593750/1)*S^0|0|0
derivative-only	('g', 'F0', -9, 5)	p121	(-96283687500/1)*S^0|0|0
derivative-only	('g', 'F0', -9, 5)	p122	(-8803080000000/1)*S^0|0|0
derivative-only	('g', 'F0', -9, 5)	p123	(-4353143437500/1)*S^0|0|0
derivative-only	('g', 'F0', -9, 5)	p124	(-1141140000000/1)*S^0|0|0
derivative-only	('g', 'F0', -9, 5)	p125	(53490937500/1)*S^0|0|0
derivative-only	('g', 'F0', -9, 5)	p126	(-4992487500000/1)*S^0|0|0
derivative-only	('g', 'F0', -9, 5)	p127	(3025053281250/1)*S^0|0|0
derivative-only	('g', 'F0', -9, 5)	p128	(1556867812500/1)*S^0|0|0
derivative-only	('g', 'F0', -9, 5)	p129	(28614836250000/1)*S^0|0|0
derivative-only	('g', 'F0', -9, 5)	p130	(3236577093750/1)*S^0|0|0
derivative-only	('g', 'F0', -9, 5)	p131	(-12207945750000/1)*S^0|0|0
derivative-only	('g', 'F0', -8, 3)	constant	(51348169618790750/3)*S^0+(-126943000349984000/3)*S^1+(174936523852382000/3)*S^2+(-28428906553970750/1)*S^3+(44206862602505500/3)*S^4+(-2098247655551000/1)*S^5|0|0
derivative-only	('g', 'F0', -8, 3)	p36	(-2500/1)*S^0|0|0
derivative-only	('g', 'F0', -8, 3)	p40	(-12500/1)*S^0|0|0
derivative-only	('g', 'F0', -8, 3)	p45	(-37500/1)*S^0|0|0
derivative-only	('g', 'F0', -8, 3)	p52	(-87500/1)*S^0|0|0
derivative-only	('g', 'F0', -8, 3)	p61	(1925000/1)*S^0|0|0
derivative-only	('g', 'F0', -8, 3)	p62	(1925000/1)*S^0|0|0
derivative-only	('g', 'F0', -8, 3)	p63	(1925000/1)*S^0|0|0
derivative-only	('g', 'F0', -8, 3)	p66	(11550000/1)*S^0|0|0
derivative-only	('g', 'F0', -8, 3)	p67	(23100000/1)*S^0|0|0
derivative-only	('g', 'F0', -8, 3)	p68	(34650000/1)*S^0|0|0
derivative-only	('g', 'F0', -8, 3)	p69	(23100000/1)*S^0|0|0
derivative-only	('g', 'F0', -8, 3)	p70	(15330000/1)*S^0|0|0
derivative-only	('g', 'F0', -8, 3)	p71	(3780000/1)*S^0|0|0
derivative-only	('g', 'F0', -8, 3)	p72	(300300000/1)*S^0|0|0
derivative-only	('g', 'F0', -8, 3)	p73	(350350000/1)*S^0|0|0
derivative-only	('g', 'F0', -8, 3)	p74	(324870000/1)*S^0|0|0
derivative-only	('g', 'F0', -8, 3)	p75	(199290000/1)*S^0|0|0
derivative-only	('g', 'F0', -8, 3)	p76	(74620000/1)*S^0|0|0
derivative-only	('g', 'F0', -8, 3)	p78	(-17745000/1)*S^0|0|0
derivative-only	('g', 'F0', -8, 3)	p79	(2992535000/1)*S^0|0|0
derivative-only	('g', 'F0', -8, 3)	p80	(1795430000/1)*S^0|0|0
derivative-only	('g', 'F0', -8, 3)	p81	(2095730000/1)*S^0|0|0
derivative-only	('g', 'F0', -8, 3)	p82	(815360000/1)*S^0|0|0
derivative-only	('g', 'F0', -8, 3)	p83	(-121030000/1)*S^0|0|0
derivative-only	('g', 'F0', -8, 3)	p84	(-343980000/1)*S^0|0|0
derivative-only	('g', 'F0', -8, 3)	p85	(-277095000/1)*S^0|0|0
derivative-only	('g', 'F0', -8, 3)	p86	(-95550000/1)*S^0|0|0
derivative-only	('g', 'F0', -8, 3)	p87	(8710975000/1)*S^0|0|0
derivative-only	('g', 'F0', -8, 3)	p88	(-10542350000/1)*S^0|0|0
derivative-only	('g', 'F0', -8, 3)	p89	(3719625000/1)*S^0|0|0
derivative-only	('g', 'F0', -8, 3)	p90	(-9288825000/1)*S^0|0|0
derivative-only	('g', 'F0', -8, 3)	p91	(-6210750000/1)*S^0|0|0
derivative-only	('g', 'F0', -8, 3)	p92	(-5350800000/1)*S^0|0|0
derivative-only	('g', 'F0', -8, 3)	p93	(-2809800000/1)*S^0|0|0
derivative-only	('g', 'F0', -8, 3)	p94	(-889875000/1)*S^0|0|0
derivative-only	('g', 'F0', -8, 3)	p95	(-21000000/1)*S^0|0|0
derivative-only	('g', 'F0', -8, 3)	p96	(-141445850000/1)*S^0|0|0
derivative-only	('g', 'F0', -8, 3)	p97	(-233651600000/1)*S^0|0|0
derivative-only	('g', 'F0', -8, 3)	p98	(-81736550000/1)*S^0|0|0
derivative-only	('g', 'F0', -8, 3)	p99	(-71117550000/1)*S^0|0|0
derivative-only	('g', 'F0', -8, 3)	p100	(-18691680000/1)*S^0|0|0
derivative-only	('g', 'F0', -8, 3)	p101	(-3696000000/1)*S^0|0|0
derivative-only	('g', 'F0', -8, 3)	p102	(1332000000/1)*S^0|0|0
derivative-only	('g', 'F0', -8, 3)	p103	(1089000000/1)*S^0|0|0
derivative-only	('g', 'F0', -8, 3)	p104	(-937287960000/1)*S^0|0|0
derivative-only	('g', 'F0', -8, 3)	p105	(-878325560000/1)*S^0|0|0
derivative-only	('g', 'F0', -8, 3)	p106	(-82720950000/1)*S^0|0|0
derivative-only	('g', 'F0', -8, 3)	p107	(-46886250000/1)*S^0|0|0
derivative-only	('g', 'F0', -8, 3)	p108	(32675700000/1)*S^0|0|0
derivative-only	('g', 'F0', -8, 3)	p109	(16549500000/1)*S^0|0|0
derivative-only	('g', 'F0', -8, 3)	p110	(2842400000/1)*S^0|0|0
derivative-only	('g', 'F0', -8, 3)	p111	(-790352510000/1)*S^0|0|0
derivative-only	('g', 'F0', -8, 3)	p112	(-1358189000000/1)*S^0|0|0
derivative-only	('g', 'F0', -8, 3)	p113	(344429700000/1)*S^0|0|0
derivative-only	('g', 'F0', -8, 3)	p114	(-31675050000/1)*S^0|0|0
derivative-only	('g', 'F0', -8, 3)	p115	(29115900000/1)*S^0|0|0
derivative-only	('g', 'F0', -8, 3)	p116	(-4936800000/1)*S^0|0|0
derivative-only	('g', 'F0', -8, 3)	p117	(-149127800000/1)*S^0|0|0
derivative-only	('g', 'F0', -8, 3)	p118	(-4642302500000/1)*S^0|0|0
derivative-only	('g', 'F0', -8, 3)	p119	(-112700527500/1)*S^0|0|0
derivative-only	('g', 'F0', -8, 3)	p120	(-576330232500/1)*S^0|0|0
derivative-only	('g', 'F0', -8, 3)	p121	(-40344315000/1)*S^0|0|0
derivative-only	('g', 'F0', -8, 3)	p122	(-11564163875000/1)*S^0|0|0
derivative-only	('g', 'F0', -8, 3)	p123	(-16055888750000/1)*S^0|0|0
derivative-only	('g', 'F0', -8, 3)	p124	(-987699937500/1)*S^0|0|0
derivative-only	('g', 'F0', -8, 3)	p125	(-1009971300000/1)*S^0|0|0
derivative-only	('g', 'F0', -8, 3)	p126	(-26270507600000/1)*S^0|0|0
derivative-only	('g', 'F0', -8, 3)	p127	(-32363970275000/1)*S^0|0|0
derivative-only	('g', 'F0', -8, 3)	p128	(-359290750000/1)*S^0|0|0
derivative-only	('g', 'F0', -8, 3)	p129	(6290019092500/1)*S^0|0|0
derivative-only	('g', 'F0', -8, 3)	p130	(-24579499945000/1)*S^0|0|0
derivative-only	('g', 'F0', -8, 3)	p131	(26509892255000/1)*S^0|0|0
derivative-only	('g', 'F0', -8, 8)	constant	(307246113281250/1)*S^0+(369208125000000/1)*S^1+(117941484375000/1)*S^2|0|0
derivative-only	('g', 'F0', -8, 8)	p79	(-17578125/1)*S^0|0|0
derivative-only	('g', 'F0', -8, 8)	p89	(-175781250/1)*S^0|0|0
derivative-only	('g', 'F0', -8, 8)	p98	(-966796875/1)*S^0|0|0
derivative-only	('g', 'F0', -8, 8)	p106	(-3867187500/1)*S^0|0|0
derivative-only	('g', 'F0', -8, 8)	p113	(-12568359375/1)*S^0|0|0
derivative-only	('g', 'F0', -8, 8)	p119	(-35191406250/1)*S^0|0|0
derivative-only	('g', 'F0', -8, 8)	p124	(-87978515625/1)*S^0|0|0
derivative-only	('g', 'F0', -8, 8)	p128	(-201093750000/1)*S^0|0|0
derivative-only	('g', 'F0', -8, 8)	p131	(9828457031250/1)*S^0|0|0
derivative-only	('g', 'F0', -7, 1)	constant	(756211881187461307/6)*S^0+(256924681249950212/3)*S^1+(440055096118552694/3)*S^2+(49877417584364431/6)*S^3+(47614275823988471/3)*S^4+(-4455886807272820/1)*S^5|(-3332000000/9)*S^0+(5831000000/9)*S^1+(-468562500/1)*S^2+(1457750000/9)*S^3+(-208250000/9)*S^4|0
derivative-only	('g', 'F0', -7, 1)	p30	(-50/1)*S^0|0|0
derivative-only	('g', 'F0', -7, 1)	p32	(-150/1)*S^0|0|0
derivative-only	('g', 'F0', -7, 1)	p37	(1800/1)*S^0|0|0
derivative-only	('g', 'F0', -7, 1)	p38	(1800/1)*S^0|0|0
derivative-only	('g', 'F0', -7, 1)	p39	(1800/1)*S^0|0|0
derivative-only	('g', 'F0', -7, 1)	p40	(12600/1)*S^0|0|0
derivative-only	('g', 'F0', -7, 1)	p41	(9800/1)*S^0|0|0
derivative-only	('g', 'F0', -7, 1)	p42	(3500/1)*S^0|0|0
derivative-only	('g', 'F0', -7, 1)	p43	(15400/1)*S^0|0|0
derivative-only	('g', 'F0', -7, 1)	p44	(-63700/1)*S^0|0|0
derivative-only	('g', 'F0', -7, 1)	p46	(-8000/1)*S^0|0|0
derivative-only	('g', 'F0', -7, 1)	p47	(-100800/1)*S^0|0|0
derivative-only	('g', 'F0', -7, 1)	p48	(-512400/1)*S^0|0|0
derivative-only	('g', 'F0', -7, 1)	p49	(-655500/1)*S^0|0|0
derivative-only	('g', 'F0', -7, 1)	p50	(-315000/1)*S^0|0|0
derivative-only	('g', 'F0', -7, 1)	p51	(-394500/1)*S^0|0|0
derivative-only	('g', 'F0', -7, 1)	p52	(-54000/1)*S^0|0|0
derivative-only	('g', 'F0', -7, 1)	p53	(-3781200/1)*S^0|0|0
derivative-only	('g', 'F0', -7, 1)	p54	(-4029600/1)*S^0|0|0
derivative-only	('g', 'F0', -7, 1)	p55	(-2872050/1)*S^0|0|0
derivative-only	('g', 'F0', -7, 1)	p56	(-805500/1)*S^0|0|0
derivative-only	('g', 'F0', -7, 1)	p57	(-713250/1)*S^0|0|0
derivative-only	('g', 'F0', -7, 1)	p58	(-4492200/1)*S^0|0|0
derivative-only	('g', 'F0', -7, 1)	p59	(9312300/1)*S^0|0|0
derivative-only	('g', 'F0', -7, 1)	p60	(-10627800/1)*S^0|0|0
derivative-only	('g', 'F0', -7, 1)	p61	(-7971600/1)*S^0|0|0
derivative-only	('g', 'F0', -7, 1)	p62	(-4960050/1)*S^0|0|0
derivative-only	('g', 'F0', -7, 1)	p63	(-516250/1)*S^0|0|0
derivative-only	('g', 'F0', -7, 1)	p64	(-11068200/1)*S^0|0|0
derivative-only	('g', 'F0', -7, 1)	p65	(83910300/1)*S^0|0|0
derivative-only	('g', 'F0', -7, 1)	p66	(119123400/1)*S^0|0|0
derivative-only	('g', 'F0', -7, 1)	p67	(48053150/1)*S^0|0|0
derivative-only	('g', 'F0', -7, 1)	p68	(100053600/1)*S^0|0|0
derivative-only	('g', 'F0', -7, 1)	p69	(9973200/1)*S^0|0|0
derivative-only	('g', 'F0', -7, 1)	p70	(5524400/1)*S^0|0|0
derivative-only	('g', 'F0', -7, 1)	p71	(5795850/1)*S^0|0|0
derivative-only	('g', 'F0', -7, 1)	p72	(563556300/1)*S^0|0|0
derivative-only	('g', 'F0', -7, 1)	p73	(1064154900/1)*S^0|0|0
derivative-only	('g', 'F0', -7, 1)	p74	(1099597500/1)*S^0|0|0
derivative-only	('g', 'F0', -7, 1)	p75	(604928700/1)*S^0|0|0
derivative-only	('g', 'F0', -7, 1)	p76	(576792300/1)*S^0|0|0
derivative-only	('g', 'F0', -7, 1)	p77	(139542400/1)*S^0|0|0
derivative-only	('g', 'F0', -7, 1)	p78	(21561400/1)*S^0|0|0
derivative-only	('g', 'F0', -7, 1)	p79	(3426778600/1)*S^0|0|0
derivative-only	('g', 'F0', -7, 1)	p80	(2281344950/1)*S^0|0|0
derivative-only	('g', 'F0', -7, 1)	p81	(6941056500/1)*S^0|0|0
derivative-only	('g', 'F0', -7, 1)	p82	(7145121950/1)*S^0|0|0
derivative-only	('g', 'F0', -7, 1)	p83	(5175740800/1)*S^0|0|0
derivative-only	('g', 'F0', -7, 1)	p84	(1915788700/1)*S^0|0|0
derivative-only	('g', 'F0', -7, 1)	p85	(1291983000/1)*S^0|0|0
derivative-only	('g', 'F0', -7, 1)	p86	(131436200/1)*S^0|0|0
derivative-only	('g', 'F0', -7, 1)	p87	(22846872250/1)*S^0|0|0
derivative-only	('g', 'F0', -7, 1)	p88	(15841987000/1)*S^0|0|0
derivative-only	('g', 'F0', -7, 1)	p89	(39789262500/1)*S^0|0|0
derivative-only	('g', 'F0', -7, 1)	p90	(13885133250/1)*S^0|0|0
derivative-only	('g', 'F0', -7, 1)	p91	(25213144950/1)*S^0|0|0
derivative-only	('g', 'F0', -7, 1)	p92	(17465431500/1)*S^0|0|0
derivative-only	('g', 'F0', -7, 1)	p93	(10283484000/1)*S^0|0|0
derivative-only	('g', 'F0', -7, 1)	p94	(2395053500/1)*S^0|0|0
derivative-only	('g', 'F0', -7, 1)	p95	(2202264750/1)*S^0|0|0
derivative-only	('g', 'F0', -7, 1)	p96	(139949265300/1)*S^0|0|0
derivative-only	('g', 'F0', -7, 1)	p97	(-21532945450/1)*S^0|0|0
derivative-only	('g', 'F0', -7, 1)	p98	(72706627800/1)*S^0|0|0
derivative-only	('g', 'F0', -7, 1)	p99	(-40820305000/1)*S^0|0|0
derivative-only	('g', 'F0', -7, 1)	p100	(27852524000/1)*S^0|0|0
derivative-only	('g', 'F0', -7, 1)	p101	(21151530000/1)*S^0|0|0
derivative-only	('g', 'F0', -7, 1)	p102	(15137463200/1)*S^0|0|0
derivative-only	('g', 'F0', -7, 1)	p103	(816523400/1)*S^0|0|0
derivative-only	('g', 'F0', -7, 1)	p104	(-440762132200/1)*S^0|0|0
derivative-only	('g', 'F0', -7, 1)	p105	(-909792801400/1)*S^0|0|0
derivative-only	('g', 'F0', -7, 1)	p106	(-198761377000/1)*S^0|0|0
derivative-only	('g', 'F0', -7, 1)	p107	(-382982987800/1)*S^0|0|0
derivative-only	('g', 'F0', -7, 1)	p108	(-106454832400/1)*S^0|0|0
derivative-only	('g', 'F0', -7, 1)	p109	(-61837070000/1)*S^0|0|0
derivative-only	('g', 'F0', -7, 1)	p110	(-41770585200/1)*S^0|0|0
derivative-only	('g', 'F0', -7, 1)	p111	(-5661472295900/1)*S^0|0|0
derivative-only	('g', 'F0', -7, 1)	p112	(-6216865480850/1)*S^0|0|0
derivative-only	('g', 'F0', -7, 1)	p113	(-3265435056600/1)*S^0|0|0
derivative-only	('g', 'F0', -7, 1)	p114	(-2557319182200/1)*S^0|0|0
derivative-only	('g', 'F0', -7, 1)	p115	(-911854217400/1)*S^0|0|0
derivative-only	('g', 'F0', -7, 1)	p116	(-145015841700/1)*S^0|0|0
derivative-only	('g', 'F0', -7, 1)	p117	(-44899922463200/1)*S^0|0|0
derivative-only	('g', 'F0', -7, 1)	p118	(-30069703770900/1)*S^0|0|0
derivative-only	('g', 'F0', -7, 1)	p119	(-10199959056000/1)*S^0|0|0
derivative-only	('g', 'F0', -7, 1)	p120	(-4252581880200/1)*S^0|0|0
derivative-only	('g', 'F0', -7, 1)	p121	(-310011657300/1)*S^0|0|0
derivative-only	('g', 'F0', -7, 1)	p122	(-80935692568700/1)*S^0|0|0
derivative-only	('g', 'F0', -7, 1)	p123	(-33192493223850/1)*S^0|0|0
derivative-only	('g', 'F0', -7, 1)	p124	(-672450351000/1)*S^0|0|0
derivative-only	('g', 'F0', -7, 1)	p125	(-3487514691000/1)*S^0|0|0
derivative-only	('g', 'F0', -7, 1)	p126	(52168919038600/1)*S^0|0|0
derivative-only	('g', 'F0', -7, 1)	p127	(-6714030875300/1)*S^0|0|0
derivative-only	('g', 'F0', -7, 1)	p128	(10662042505800/1)*S^0|0|0
derivative-only	('g', 'F0', -7, 1)	p129	(387368605515100/1)*S^0|0|0
derivative-only	('g', 'F0', -7, 1)	p130	(135982586739450/1)*S^0|0|0
derivative-only	('g', 'F0', -7, 1)	p131	(294473478924900/1)*S^0|0|0
derivative-only	('g', 'F0', -7, 6)	constant	(8859173497890625/1)*S^0+(9725933711812500/1)*S^1+(-141143627625000/1)*S^2+(-3068665615640625/1)*S^3+(-1109872388625000/1)*S^4+(-60990366937500/1)*S^5|0|0
derivative-only	('g', 'F0', -7, 6)	p58	(-546875/1)*S^0|0|0
derivative-only	('g', 'F0', -7, 6)	p67	(-4375000/1)*S^0|0|0
derivative-only	('g', 'F0', -7, 6)	p75	(-19687500/1)*S^0|0|0
derivative-only	('g', 'F0', -7, 6)	p84	(-65625000/1)*S^0|0|0
derivative-only	('g', 'F0', -7, 6)	p94	(-180468750/1)*S^0|0|0
derivative-only	('g', 'F0', -7, 6)	p103	(-433125000/1)*S^0|0|0
derivative-only	('g', 'F0', -7, 6)	p114	(16891875000/1)*S^0|0|0
derivative-only	('g', 'F0', -7, 6)	p115	(16891875000/1)*S^0|0|0
derivative-only	('g', 'F0', -7, 6)	p116	(16891875000/1)*S^0|0|0
derivative-only	('g', 'F0', -7, 6)	p117	(320945625000/1)*S^0|0|0
derivative-only	('g', 'F0', -7, 6)	p118	(481418437500/1)*S^0|0|0
derivative-only	('g', 'F0', -7, 6)	p119	(320945625000/1)*S^0|0|0
derivative-only	('g', 'F0', -7, 6)	p120	(196133437500/1)*S^0|0|0
derivative-only	('g', 'F0', -7, 6)	p121	(35660625000/1)*S^0|0|0
derivative-only	('g', 'F0', -7, 6)	p122	(3922668750000/1)*S^0|0|0
derivative-only	('g', 'F0', -7, 6)	p123	(1426425000000/1)*S^0|0|0
derivative-only	('g', 'F0', -7, 6)	p125	(-286223437500/1)*S^0|0|0
derivative-only	('g', 'F0', -7, 6)	p126	(-7488731250000/1)*S^0|0|0
derivative-only	('g', 'F0', -7, 6)	p127	(-5731507031250/1)*S^0|0|0
derivative-only	('g', 'F0', -7, 6)	p128	(-1478039062500/1)*S^0|0|0
derivative-only	('g', 'F0', -7, 6)	p129	(-19148817187500/1)*S^0|0|0
derivative-only	('g', 'F0', -7, 6)	p130	(1083895312500/1)*S^0|0|0
derivative-only	('g', 'F0', -7, 6)	p131	(27857830000000/1)*S^0|0|0
derivative-only	('g', 'F0', -6, 4)	constant	(-11601157892231250/1)*S^0+(39676804450106250/1)*S^1+(-58613768942662500/1)*S^2+(18414122266987500/1)*S^3+(-13984774792931250/1)*S^4+(2398834927350000/1)*S^5|0|0
derivative-only	('g', 'F0', -6, 4)	p43	(-15625/1)*S^0|0|0
derivative-only	('g', 'F0', -6, 4)	p50	(-93750/1)*S^0|0|0
derivative-only	('g', 'F0', -6, 4)	p56	(-328125/1)*S^0|0|0
derivative-only	('g', 'F0', -6, 4)	p63	(-875000/1)*S^0|0|0
derivative-only	('g', 'F0', -6, 4)	p76	(25593750/1)*S^0|0|0
derivative-only	('g', 'F0', -6, 4)	p77	(25593750/1)*S^0|0|0
derivative-only	('g', 'F0', -6, 4)	p78	(25593750/1)*S^0|0|0
derivative-only	('g', 'F0', -6, 4)	p81	(179156250/1)*S^0|0|0
derivative-only	('g', 'F0', -6, 4)	p82	(358312500/1)*S^0|0|0
derivative-only	('g', 'F0', -6, 4)	p83	(537468750/1)*S^0|0|0
derivative-only	('g', 'F0', -6, 4)	p84	(358312500/1)*S^0|0|0
derivative-only	('g', 'F0', -6, 4)	p85	(234281250/1)*S^0|0|0
derivative-only	('g', 'F0', -6, 4)	p86	(55125000/1)*S^0|0|0
derivative-only	('g', 'F0', -6, 4)	p87	(895781250/1)*S^0|0|0
derivative-only	('g', 'F0', -6, 4)	p88	(2687343750/1)*S^0|0|0
derivative-only	('g', 'F0', -6, 4)	p89	(5374687500/1)*S^0|0|0
derivative-only	('g', 'F0', -6, 4)	p90	(6270468750/1)*S^0|0|0
derivative-only	('g', 'F0', -6, 4)	p91	(5788125000/1)*S^0|0|0
derivative-only	('g', 'F0', -6, 4)	p92	(3514218750/1)*S^0|0|0
derivative-only	('g', 'F0', -6, 4)	p93	(1309218750/1)*S^0|0|0
derivative-only	('g', 'F0', -6, 4)	p95	(-305156250/1)*S^0|0|0
derivative-only	('g', 'F0', -6, 4)	p96	(70284375000/1)*S^0|0|0
derivative-only	('g', 'F0', -6, 4)	p97	(63945000000/1)*S^0|0|0
derivative-only	('g', 'F0', -6, 4)	p98	(42446250000/1)*S^0|0|0
derivative-only	('g', 'F0', -6, 4)	p99	(16537500000/1)*S^0|0|0
derivative-only	('g', 'F0', -6, 4)	p100	(-2165625000/1)*S^0|0|0
derivative-only	('g', 'F0', -6, 4)	p101	(-6615000000/1)*S^0|0|0
derivative-only	('g', 'F0', -6, 4)	p102	(-5276250000/1)*S^0|0|0
derivative-only	('g', 'F0', -6, 4)	p103	(-1732500000/1)*S^0|0|0
derivative-only	('g', 'F0', -6, 4)	p104	(140791875000/1)*S^0|0|0
derivative-only	('g', 'F0', -6, 4)	p105	(-51541875000/1)*S^0|0|0
derivative-only	('g', 'F0', -6, 4)	p106	(-133741125000/1)*S^0|0|0
derivative-only	('g', 'F0', -6, 4)	p107	(-114240000000/1)*S^0|0|0
derivative-only	('g', 'F0', -6, 4)	p108	(-59249250000/1)*S^0|0|0
derivative-only	('g', 'F0', -6, 4)	p109	(-18092250000/1)*S^0|0|0
derivative-only	('g', 'F0', -6, 4)	p110	(-140250000/1)*S^0|0|0
derivative-only	('g', 'F0', -6, 4)	p111	(-1760838750000/1)*S^0|0|0
derivative-only	('g', 'F0', -6, 4)	p112	(-1096780500000/1)*S^0|0|0
derivative-only	('g', 'F0', -6, 4)	p113	(-432837000000/1)*S^0|0|0
derivative-only	('g', 'F0', -6, 4)	p114	(-80784000000/1)*S^0|0|0
derivative-only	('g', 'F0', -6, 4)	p115	(32897390625/1)*S^0|0|0
derivative-only	('g', 'F0', -6, 4)	p116	(24140531250/1)*S^0|0|0
derivative-only	('g', 'F0', -6, 4)	p117	(-1448503593750/1)*S^0|0|0
derivative-only	('g', 'F0', -6, 4)	p118	(722480343750/1)*S^0|0|0
derivative-only	('g', 'F0', -6, 4)	p119	(828903796875/1)*S^0|0|0
derivative-only	('g', 'F0', -6, 4)	p120	(403209984375/1)*S^0|0|0
derivative-only	('g', 'F0', -6, 4)	p121	(63601312500/1)*S^0|0|0
derivative-only	('g', 'F0', -6, 4)	p122	(11113134140625/1)*S^0|0|0
derivative-only	('g', 'F0', -6, 4)	p123	(4256938125000/1)*S^0|0|0
derivative-only	('g', 'F0', -6, 4)	p124	(703552781250/1)*S^0|0|0
derivative-only	('g', 'F0', -6, 4)	p125	(-140095312500/1)*S^0|0|0
derivative-only	('g', 'F0', -6, 4)	p126	(448158046875/1)*S^0|0|0
derivative-only	('g', 'F0', -6, 4)	p127	(-3704247421875/1)*S^0|0|0
derivative-only	('g', 'F0', -6, 4)	p128	(-1088540578125/1)*S^0|0|0
derivative-only	('g', 'F0', -6, 4)	p129	(-19508238750000/1)*S^0|0|0
derivative-only	('g', 'F0', -6, 4)	p130	(-1057619062500/1)*S^0|0|0
derivative-only	('g', 'F0', -6, 4)	p131	(9213876546875/1)*S^0|0|0
derivative-only	('g', 'F0', -6, 9)	p87	(-97656250/1)*S^0|0|0
derivative-only	('g', 'F0', -6, 9)	p96	(-1074218750/1)*S^0|0|0
derivative-only	('g', 'F0', -6, 9)	p104	(-6445312500/1)*S^0|0|0
derivative-only	('g', 'F0', -6, 9)	p111	(-27929687500/1)*S^0|0|0
derivative-only	('g', 'F0', -6, 9)	p117	(-97753906250/1)*S^0|0|0
derivative-only	('g', 'F0', -6, 9)	p122	(-293261718750/1)*S^0|0|0
derivative-only	('g', 'F0', -6, 9)	p126	(-782031250000/1)*S^0|0|0
derivative-only	('g', 'F0', -6, 9)	p129	(-1899218750000/1)*S^0|0|0
derivative-only	('g', 'F0', -6, 9)	p131	(-4273242187500/1)*S^0|0|0
derivative-only	('g', 'F0', -5, 2)	constant	(-895529583730565975/4)*S^0+(-163300431279119550/1)*S^1+(-132860603892646850/1)*S^2+(804014367628825/4)*S^3+(-39056621485997425/2)*S^4+(3807049448148375/1)*S^5|0|0
derivative-only	('g', 'F0', -5, 2)	p34	(-375/1)*S^0|0|0
derivative-only	('g', 'F0', -5, 2)	p39	(-1500/1)*S^0|0|0
derivative-only	('g', 'F0', -5, 2)	p44	(30000/1)*S^0|0|0
derivative-only	('g', 'F0', -5, 2)	p45	(30000/1)*S^0|0|0
derivative-only	('g', 'F0', -5, 2)	p46	(30000/1)*S^0|0|0
derivative-only	('g', 'F0', -5, 2)	p47	(135000/1)*S^0|0|0
derivative-only	('g', 'F0', -5, 2)	p48	(270000/1)*S^0|0|0
derivative-only	('g', 'F0', -5, 2)	p49	(405000/1)*S^0|0|0
derivative-only	('g', 'F0', -5, 2)	p50	(270000/1)*S^0|0|0
derivative-only	('g', 'F0', -5, 2)	p51	(202500/1)*S^0|0|0
derivative-only	('g', 'F0', -5, 2)	p52	(67500/1)*S^0|0|0
derivative-only	('g', 'F0', -5, 2)	p53	(3037500/1)*S^0|0|0
derivative-only	('g', 'F0', -5, 2)	p54	(2025000/1)*S^0|0|0
derivative-only	('g', 'F0', -5, 2)	p55	(787500/1)*S^0|0|0
derivative-only	('g', 'F0', -5, 2)	p57	(-206250/1)*S^0|0|0
derivative-only	('g', 'F0', -5, 2)	p58	(-2812500/1)*S^0|0|0
derivative-only	('g', 'F0', -5, 2)	p59	(-15862500/1)*S^0|0|0
derivative-only	('g', 'F0', -5, 2)	p60	(-1753125/1)*S^0|0|0
derivative-only	('g', 'F0', -5, 2)	p61	(-3712500/1)*S^0|0|0
derivative-only	('g', 'F0', -5, 2)	p62	(-3196875/1)*S^0|0|0
derivative-only	('g', 'F0', -5, 2)	p63	(-1443750/1)*S^0|0|0
derivative-only	('g', 'F0', -5, 2)	p64	(-54450000/1)*S^0|0|0
derivative-only	('g', 'F0', -5, 2)	p65	(-156525000/1)*S^0|0|0
derivative-only	('g', 'F0', -5, 2)	p66	(-180000000/1)*S^0|0|0
derivative-only	('g', 'F0', -5, 2)	p67	(-133267500/1)*S^0|0|0
derivative-only	('g', 'F0', -5, 2)	p68	(-141000000/1)*S^0|0|0
derivative-only	('g', 'F0', -5, 2)	p69	(-29848500/1)*S^0|0|0
derivative-only	('g', 'F0', -5, 2)	p70	(-11434500/1)*S^0|0|0
derivative-only	('g', 'F0', -5, 2)	p71	(-1270500/1)*S^0|0|0
derivative-only	('g', 'F0', -5, 2)	p72	(-1344502500/1)*S^0|0|0
derivative-only	('g', 'F0', -5, 2)	p73	(-1412192625/1)*S^0|0|0
derivative-only	('g', 'F0', -5, 2)	p74	(-1025698500/1)*S^0|0|0
derivative-only	('g', 'F0', -5, 2)	p75	(-412557000/1)*S^0|0|0
derivative-only	('g', 'F0', -5, 2)	p76	(-312648000/1)*S^0|0|0
derivative-only	('g', 'F0', -5, 2)	p77	(7678125/1)*S^0|0|0
derivative-only	('g', 'F0', -5, 2)	p78	(13104000/1)*S^0|0|0
derivative-only	('g', 'F0', -5, 2)	p79	(-364782000/1)*S^0|0|0
derivative-only	('g', 'F0', -5, 2)	p80	(4196816250/1)*S^0|0|0
derivative-only	('g', 'F0', -5, 2)	p81	(-4461583500/1)*S^0|0|0
derivative-only	('g', 'F0', -5, 2)	p82	(-3258230250/1)*S^0|0|0
derivative-only	('g', 'F0', -5, 2)	p83	(-1777033500/1)*S^0|0|0
derivative-only	('g', 'F0', -5, 2)	p84	(-275572500/1)*S^0|0|0
derivative-only	('g', 'F0', -5, 2)	p85	(-481866000/1)*S^0|0|0
derivative-only	('g', 'F0', -5, 2)	p86	(43680000/1)*S^0|0|0
derivative-only	('g', 'F0', -5, 2)	p87	(38195231250/1)*S^0|0|0
derivative-only	('g', 'F0', -5, 2)	p88	(47651501250/1)*S^0|0|0
derivative-only	('g', 'F0', -5, 2)	p89	(30619315500/1)*S^0|0|0
derivative-only	('g', 'F0', -5, 2)	p90	(50971888125/1)*S^0|0|0
derivative-only	('g', 'F0', -5, 2)	p91	(-1410131250/1)*S^0|0|0
derivative-only	('g', 'F0', -5, 2)	p92	(-3667121250/1)*S^0|0|0
derivative-only	('g', 'F0', -5, 2)	p93	(-3601755000/1)*S^0|0|0
derivative-only	('g', 'F0', -5, 2)	p94	(-836262000/1)*S^0|0|0
derivative-only	('g', 'F0', -5, 2)	p95	(-1483965000/1)*S^0|0|0
derivative-only	('g', 'F0', -5, 2)	p96	(483190140000/1)*S^0|0|0
derivative-only	('g', 'F0', -5, 2)	p97	(424224615000/1)*S^0|0|0
derivative-only	('g', 'F0', -5, 2)	p98	(196055104500/1)*S^0|0|0
derivative-only	('g', 'F0', -5, 2)	p99	(215378201250/1)*S^0|0|0
derivative-only	('g', 'F0', -5, 2)	p100	(-5853600000/1)*S^0|0|0
derivative-only	('g', 'F0', -5, 2)	p101	(-16270770000/1)*S^0|0|0
derivative-only	('g', 'F0', -5, 2)	p102	(-13362030000/1)*S^0|0|0
derivative-only	('g', 'F0', -5, 2)	p103	(-2968308000/1)*S^0|0|0
derivative-only	('g', 'F0', -5, 2)	p104	(2179785999000/1)*S^0|0|0
derivative-only	('g', 'F0', -5, 2)	p105	(1566368066625/1)*S^0|0|0
derivative-only	('g', 'F0', -5, 2)	p106	(483017977500/1)*S^0|0|0
derivative-only	('g', 'F0', -5, 2)	p107	(560995878750/1)*S^0|0|0
derivative-only	('g', 'F0', -5, 2)	p108	(-1600470000/1)*S^0|0|0
derivative-only	('g', 'F0', -5, 2)	p109	(4637932500/1)*S^0|0|0
derivative-only	('g', 'F0', -5, 2)	p110	(22236750000/1)*S^0|0|0
derivative-only	('g', 'F0', -5, 2)	p111	(6231693252000/1)*S^0|0|0
derivative-only	('g', 'F0', -5, 2)	p112	(5117306343750/1)*S^0|0|0
derivative-only	('g', 'F0', -5, 2)	p113	(2395754617500/1)*S^0|0|0
derivative-only	('g', 'F0', -5, 2)	p114	(2449867983750/1)*S^0|0|0
derivative-only	('g', 'F0', -5, 2)	p115	(550595070000/1)*S^0|0|0
derivative-only	('g', 'F0', -5, 2)	p116	(107620011000/1)*S^0|0|0
derivative-only	('g', 'F0', -5, 2)	p117	(35317508025000/1)*S^0|0|0
derivative-only	('g', 'F0', -5, 2)	p118	(24991379024625/1)*S^0|0|0
derivative-only	('g', 'F0', -5, 2)	p119	(9329454247500/1)*S^0|0|0
derivative-only	('g', 'F0', -5, 2)	p120	(5635120880250/1)*S^0|0|0
derivative-only	('g', 'F0', -5, 2)	p121	(288116829000/1)*S^0|0|0
derivative-only	('g', 'F0', -5, 2)	p122	(90968999700000/1)*S^0|0|0
derivative-only	('g', 'F0', -5, 2)	p123	(43085514172500/1)*S^0|0|0
derivative-only	('g', 'F0', -5, 2)	p124	(7314467251500/1)*S^0|0|0
derivative-only	('g', 'F0', -5, 2)	p125	(7798779348750/1)*S^0|0|0
derivative-only	('g', 'F0', -5, 2)	p126	(47863948125000/1)*S^0|0|0
derivative-only	('g', 'F0', -5, 2)	p127	(41920603081875/1)*S^0|0|0
derivative-only	('g', 'F0', -5, 2)	p128	(3347709201000/1)*S^0|0|0
derivative-only	('g', 'F0', -5, 2)	p129	(-359436943189500/1)*S^0|0|0
derivative-only	('g', 'F0', -5, 2)	p130	(-252432667236750/1)*S^0|0|0
derivative-only	('g', 'F0', -5, 2)	p131	(-845754106667250/1)*S^0|0|0
derivative-only	('g', 'F0', -5, 7)	constant	(-9686293093750000/1)*S^0+(-8778676156250000/1)*S^1+(-312285187500000/1)*S^2+(1363174312500000/1)*S^3+(235641656250000/1)*S^4|0|0
derivative-only	('g', 'F0', -5, 7)	p65	(-3125000/1)*S^0|0|0
derivative-only	('g', 'F0', -5, 7)	p73	(-28125000/1)*S^0|0|0
derivative-only	('g', 'F0', -5, 7)	p82	(-140625000/1)*S^0|0|0
derivative-only	('g', 'F0', -5, 7)	p92	(-515625000/1)*S^0|0|0
derivative-only	('g', 'F0', -5, 7)	p101	(-1546875000/1)*S^0|0|0
derivative-only	('g', 'F0', -5, 7)	p109	(-4021875000/1)*S^0|0|0
derivative-only	('g', 'F0', -5, 7)	p116	(-9384375000/1)*S^0|0|0
derivative-only	('g', 'F0', -5, 7)	p123	(402187500000/1)*S^0|0|0
derivative-only	('g', 'F0', -5, 7)	p124	(402187500000/1)*S^0|0|0
derivative-only	('g', 'F0', -5, 7)	p125	(402187500000/1)*S^0|0|0
derivative-only	('g', 'F0', -5, 7)	p126	(8445937500000/1)*S^0|0|0
derivative-only	('g', 'F0', -5, 7)	p127	(5067562500000/1)*S^0|0|0
derivative-only	('g', 'F0', -5, 7)	p128	(844593750000/1)*S^0|0|0
derivative-only	('g', 'F0', -5, 7)	p130	(-7619218750000/1)*S^0|0|0
derivative-only	('g', 'F0', -5, 7)	p131	(-38440187500000/1)*S^0|0|0
