source	band	monomial	degree_in_auxiliaries	terms_over_Qy	expression
38	6	[0,1]	4	42	315*a1_0*b3*q2_0 - 441*a1_0*b3*q5_1**2 - 882*a1_0*b3*q6_1 + 1125*a1_0*q2_0**3 - 1575*a1_0*q2_0**2*q6_1 - 2520*a1_0*q2_0*q3_0*q5_1 - 1890*a1_0*q2_0*q4_0 - 1008*a1_0*q3_0**2 + 1764*a1_0*q3_0*q7_0 + 1323*a1_0*q4_0*q6_1 + 882*a1_0*q5_0*q5_1 + 441*a1_0*q6_0 - 392*a2_0*b3*q5_1 - 1400*a2_0*q2_0**2*q5_1 - 2240*a2_0*q2_0*q3_0 + 1960*a2_0*q2_0*q7_0 + 1568*a2_0*q3_0*q6_1 + 1176*a2_0*q4_0*q5_1 + 784*a2_0*q5_0 + 1470*a4_0*q2_0*q5_1 + 1176*a4_0*q3_0 - 2058*a4_0*q7_0 + 1225*a5_0*q2_0 - 1715*a5_0*q6_1 - 1372*a6_0*q5_1 - 1029*a7_0 - 1470*b2*q7_1 + 140*b2 + 1400*b3*q2_0*q5_1 + 420*b3*q3_0 - 1470*b3*q5_1*q6_1 - 1470*b3*q7_0 + 1250*q2_0**3*q5_1 + 3000*q2_0**2*q3_0 - 1750*q2_0**2*q7_0 - 2800*q2_0*q3_0*q6_1 - 2100*q2_0*q4_0*q5_1 - 1400*q2_0*q5_0 - 1120*q3_0**2*q5_1 - 1680*q3_0*q4_0 + 1470*q4_0*q7_0 + 980*q5_0*q6_1 + 490*q5_1*q6_0
39	6	[0,0]	4	24	-315*a1_0*b4*q2_0 + 441*a1_0*b4*q5_1**2 + 882*a1_0*b4*q6_1 + 630*a1_0*q2_0*q5_1 + 1764*a1_0*q3_0*q7_1 + 126*a1_0*q3_0 - 882*a1_0*q5_1*q6_1 - 882*a1_0*q7_0 + 392*a2_0*b4*q5_1 + 1960*a2_0*q2_0*q7_1 - 196*a2_0*q5_1**2 - 392*a2_0*q6_1 - 2058*a4_0*q7_1 + 147*a4_0 + 140*b3 - 1400*b4*q2_0*q5_1 - 420*b4*q3_0 + 1470*b4*q5_1*q6_1 + 1470*b4*q7_0 - 1750*q2_0**2*q7_1 - 375*q2_0**2 + 700*q2_0*q5_1**2 + 1400*q2_0*q6_1 + 840*q3_0*q5_1 + 1470*q4_0*q7_1 + 210*q4_0 - 1470*q5_1*q7_0 - 735*q6_1**2
30	5	[1,2]	1	3	126*a1_0*q7_1 - 15*a1_0 - 210*b4*q7_1 + 40*b4 + 210*q5_1*q7_1 - 60*q5_1
32	5	[0,2]	2	3	126*a1_0*b1*q7_1 - 15*a1_0*b1 - 210*b1*b4*q7_1 + 40*b1*b4 + 210*b1*q5_1*q7_1 - 60*b1*q5_1
33	5	[0,1]	5	87	-18522*a1_0*b2*q7_1 + 2205*a1_0*b2 - 12348*a1_0*b3*q3_0*q7_1 - 7875*a1_0*b4*q2_0**3 + 11025*a1_0*b4*q2_0**2*q6_1 + 17640*a1_0*b4*q2_0*q3_0*q5_1 + 13230*a1_0*b4*q2_0*q4_0 + 7056*a1_0*b4*q3_0**2 - 12348*a1_0*b4*q3_0*q7_0 - 9261*a1_0*b4*q4_0*q6_1 - 6174*a1_0*b4*q5_0*q5_1 - 3087*a1_0*b4*q6_0 + 7875*a1_0*q2_0**3*q5_1 + 18900*a1_0*q2_0**2*q3_0 - 11025*a1_0*q2_0**2*q7_0 - 17640*a1_0*q2_0*q3_0*q6_1 - 13230*a1_0*q2_0*q4_0*q5_1 - 8820*a1_0*q2_0*q5_0 - 7056*a1_0*q3_0**2*q5_1 - 10584*a1_0*q3_0*q4_0 + 9261*a1_0*q4_0*q7_0 + 6174*a1_0*q5_0*q6_1 + 3087*a1_0*q5_1*q6_0 - 13720*a2_0*b3*q2_0*q7_1 + 9800*a2_0*b4*q2_0**2*q5_1 + 15680*a2_0*b4*q2_0*q3_0 - 13720*a2_0*b4*q2_0*q7_0 - 10976*a2_0*b4*q3_0*q6_1 - 8232*a2_0*b4*q4_0*q5_1 - 5488*a2_0*b4*q5_0 + 7000*a2_0*q2_0**3 - 9800*a2_0*q2_0**2*q6_1 - 15680*a2_0*q2_0*q3_0*q5_1 - 11760*a2_0*q2_0*q4_0 - 6272*a2_0*q3_0**2 + 10976*a2_0*q3_0*q7_0 + 8232*a2_0*q4_0*q6_1 + 5488*a2_0*q5_0*q5_1 + 2744*a2_0*q6_0 + 14406*a4_0*b3*q7_1 - 10290*a4_0*b4*q2_0*q5_1 - 8232*a4_0*b4*q3_0 + 14406*a4_0*b4*q7_0 - 7350*a4_0*q2_0**2 + 10290*a4_0*q2_0*q6_1 + 8232*a4_0*q3_0*q5_1 + 6174*a4_0*q4_0 - 8575*a5_0*b4*q2_0 + 12005*a5_0*b4*q6_1 + 8575*a5_0*q2_0*q5_1 + 6860*a5_0*q3_0 - 12005*a5_0*q7_0 + 9604*a6_0*b4*q5_1 + 6860*a6_0*q2_0 - 9604*a6_0*q6_1 + 7203*a7_0*b4 - 7203*a7_0*q5_1 - 4802*a8_0 + 30870*b2*b4*q7_1 - 5880*b2*b4 - 30870*b2*q5_1*q7_1 + 8820*b2*q5_1 + 12250*b3*q2_0**2*q7_1 - 10290*b3*q4_0*q7_1 - 8750*b4*q2_0**3*q5_1 - 21000*b4*q2_0**2*q3_0 + 12250*b4*q2_0**2*q7_0 + 19600*b4*q2_0*q3_0*q6_1 + 14700*b4*q2_0*q4_0*q5_1 + 9800*b4*q2_0*q5_0 + 7840*b4*q3_0**2*q5_1 + 11760*b4*q3_0*q4_0 - 10290*b4*q4_0*q7_0 - 6860*b4*q5_0*q6_1 - 3430*b4*q5_1*q6_0 - 6250*q2_0**4 + 8750*q2_0**3*q6_1 + 21000*q2_0**2*q3_0*q5_1 + 15750*q2_0**2*q4_0 + 16800*q2_0*q3_0**2 - 19600*q2_0*q3_0*q7_0 - 14700*q2_0*q4_0*q6_1 - 9800*q2_0*q5_0*q5_1 - 4900*q2_0*q6_0 - 7840*q3_0**2*q6_1 - 11760*q3_0*q4_0*q5_1 - 7840*q3_0*q5_0 - 4410*q4_0**2 + 6860*q5_0*q7_0 + 3430*q6_0*q6_1
34	5	[0,0]	5	47	882*a1_0*b3*q7_1 - 315*a1_0*b3 - 630*a1_0*b4**2*q2_0 + 882*a1_0*b4**2*q5_1**2 + 1764*a1_0*b4**2*q6_1 + 2520*a1_0*b4*q2_0*q5_1 + 3528*a1_0*b4*q3_0*q7_1 + 504*a1_0*b4*q3_0 - 3528*a1_0*b4*q5_1*q6_1 - 3528*a1_0*b4*q7_0 + 3150*a1_0*q2_0**2*q7_1 - 630*a1_0*q2_0*q5_1**2 - 1260*a1_0*q2_0*q6_1 - 504*a1_0*q3_0*q5_1 - 2646*a1_0*q4_0*q7_1 + 1764*a1_0*q5_1*q7_0 + 882*a1_0*q6_1**2 + 784*a2_0*b4**2*q5_1 + 3920*a2_0*b4*q2_0*q7_1 - 784*a2_0*b4*q5_1**2 - 1568*a2_0*b4*q6_1 - 3136*a2_0*q3_0*q7_1 + 224*a2_0*q3_0 + 784*a2_0*q5_1*q6_1 + 784*a2_0*q7_0 - 4116*a4_0*b4*q7_1 + 588*a4_0*b4 - 588*a4_0*q5_1 + 3430*a5_0*q7_1 - 490*a5_0 - 1470*b3*b4*q7_1 + 840*b3*b4 + 1470*b3*q5_1*q7_1 - 1260*b3*q5_1 - 2800*b4**2*q2_0*q5_1 - 840*b4**2*q3_0 + 2940*b4**2*q5_1*q6_1 + 2940*b4**2*q7_0 - 3500*b4*q2_0**2*q7_1 - 1500*b4*q2_0**2 + 2800*b4*q2_0*q5_1**2 + 5600*b4*q2_0*q6_1 + 3360*b4*q3_0*q5_1 + 2940*b4*q4_0*q7_1 + 840*b4*q4_0 - 5880*b4*q5_1*q7_0 - 2940*b4*q6_1**2 + 1500*q2_0**2*q5_1 + 5600*q2_0*q3_0*q7_1 + 600*q2_0*q3_0 - 2800*q2_0*q5_1*q6_1 - 2800*q2_0*q7_0 - 840*q3_0*q5_1**2 - 1680*q3_0*q6_1 - 840*q4_0*q5_1 - 1960*q5_0*q7_1 - 140*q5_0 + 2940*q6_1*q7_0
25	4	[1,2]	2	8	-882*a1_0*b4*q7_1 + 210*a1_0*b4 + 882*a1_0*q5_1*q7_1 - 315*a1_0*q5_1 + 392*a2_0*q7_1 - 56*a2_0 - 140*b4**2 - 1470*b4*q5_1*q7_1 + 840*b4*q5_1 - 1400*q2_0*q7_1 + 300*q2_0 - 420*q5_1**2 + 1470*q6_1*q7_1 - 420*q6_1
27	4	[0,2]	3	8	-882*a1_0*b1*b4*q7_1 + 210*a1_0*b1*b4 + 882*a1_0*b1*q5_1*q7_1 - 315*a1_0*b1*q5_1 + 392*a2_0*b1*q7_1 - 56*a2_0*b1 - 140*b1*b4**2 - 1470*b1*b4*q5_1*q7_1 + 840*b1*b4*q5_1 - 1400*b1*q2_0*q7_1 + 300*b1*q2_0 - 420*b1*q5_1**2 + 1470*b1*q6_1*q7_1 - 420*b1*q6_1
28	4	[0,1]	6	116	-18522*a1_0*b2*b4*q7_1 + 4410*a1_0*b2*b4 + 18522*a1_0*b2*q5_1*q7_1 - 6615*a1_0*b2*q5_1 - 11025*a1_0*b3*q2_0**2*q7_1 - 1575*a1_0*b3*q2_0**2 + 2205*a1_0*b3*q2_0*q5_1**2 + 4410*a1_0*b3*q2_0*q6_1 + 9261*a1_0*b3*q4_0*q7_1 + 7875*a1_0*b4*q2_0**3*q5_1 + 18900*a1_0*b4*q2_0**2*q3_0 - 11025*a1_0*b4*q2_0**2*q7_0 - 17640*a1_0*b4*q2_0*q3_0*q6_1 - 13230*a1_0*b4*q2_0*q4_0*q5_1 - 8820*a1_0*b4*q2_0*q5_0 - 7056*a1_0*b4*q3_0**2*q5_1 - 10584*a1_0*b4*q3_0*q4_0 + 9261*a1_0*b4*q4_0*q7_0 + 6174*a1_0*b4*q5_0*q6_1 + 3087*a1_0*b4*q5_1*q6_0 - 6300*a1_0*q2_0**2*q3_0*q5_1 - 4725*a1_0*q2_0**2*q4_0 - 10080*a1_0*q2_0*q3_0**2 + 8820*a1_0*q2_0*q3_0*q7_0 + 6615*a1_0*q2_0*q4_0*q6_1 + 4410*a1_0*q2_0*q5_0*q5_1 + 2205*a1_0*q2_0*q6_0 + 7056*a1_0*q3_0**2*q6_1 + 10584*a1_0*q3_0*q4_0*q5_1 + 7056*a1_0*q3_0*q5_0 + 3969*a1_0*q4_0**2 - 6174*a1_0*q5_0*q7_0 - 3087*a1_0*q6_0*q6_1 + 8232*a2_0*b2*q7_1 - 1176*a2_0*b2 + 1960*a2_0*b3*q2_0*q5_1 + 10976*a2_0*b3*q3_0*q7_1 + 7000*a2_0*b4*q2_0**3 - 9800*a2_0*b4*q2_0**2*q6_1 - 15680*a2_0*b4*q2_0*q3_0*q5_1 - 11760*a2_0*b4*q2_0*q4_0 - 6272*a2_0*b4*q3_0**2 + 10976*a2_0*b4*q3_0*q7_0 + 8232*a2_0*b4*q4_0*q6_1 + 5488*a2_0*b4*q5_0*q5_1 + 2744*a2_0*b4*q6_0 - 5600*a2_0*q2_0**2*q3_0 + 7840*a2_0*q2_0*q3_0*q6_1 + 5880*a2_0*q2_0*q4_0*q5_1 + 3920*a2_0*q2_0*q5_0 + 6272*a2_0*q3_0**2*q5_1 + 9408*a2_0*q3_0*q4_0 - 8232*a2_0*q4_0*q7_0 - 5488*a2_0*q5_0*q6_1 - 2744*a2_0*q5_1*q6_0 - 7350*a4_0*b4*q2_0**2 + 10290*a4_0*b4*q2_0*q6_1 + 8232*a4_0*b4*q3_0*q5_1 + 6174*a4_0*b4*q4_0 + 5880*a4_0*q2_0*q3_0 - 8232*a4_0*q3_0*q6_1 - 6174*a4_0*q4_0*q5_1 - 4116*a4_0*q5_0 - 12005*a5_0*b3*q7_1 + 8575*a5_0*b4*q2_0*q5_1 + 6860*a5_0*b4*q3_0 - 12005*a5_0*b4*q7_0 - 6860*a5_0*q3_0*q5_1 - 5145*a5_0*q4_0 + 6860*a6_0*b4*q2_0 - 9604*a6_0*b4*q6_1 - 5488*a6_0*q3_0 + 9604*a6_0*q7_0 - 7203*a7_0*b4*q5_1 + 7203*a7_0*q6_1 - 4802*a8_0*b4 + 4802*a8_0*q5_1 + 2401*a9_0 - 2940*b2*b4**2 - 30870*b2*b4*q5_1*q7_1 + 17640*b2*b4*q5_1 - 22050*b2*q2_0*q7_1 + 5600*b2*q2_0 - 8820*b2*q5_1**2 + 30870*b2*q6_1*q7_1 - 8820*b2*q6_1 - 7000*b3*q2_0**2*q5_1 - 19600*b3*q2_0*q3_0*q7_1 - 2100*b3*q2_0*q3_0 + 7350*b3*q2_0*q5_1*q6_1 + 7350*b3*q2_0*q7_0 + 6860*b3*q5_0*q7_1 - 6250*b4*q2_0**4 + 8750*b4*q2_0**3*q6_1 + 21000*b4*q2_0**2*q3_0*q5_1 + 15750*b4*q2_0**2*q4_0 + 16800*b4*q2_0*q3_0**2 - 19600*b4*q2_0*q3_0*q7_0 - 14700*b4*q2_0*q4_0*q6_1 - 9800*b4*q2_0*q5_0*q5_1 - 4900*b4*q2_0*q6_0 - 7840*b4*q3_0**2*q6_1 - 11760*b4*q3_0*q4_0*q5_1 - 7840*b4*q3_0*q5_0 - 4410*b4*q4_0**2 + 6860*b4*q5_0*q7_0 + 3430*b4*q6_0*q6_1 + 5000*q2_0**3*q3_0 - 7000*q2_0**2*q3_0*q6_1 - 5250*q2_0**2*q4_0*q5_1 - 3500*q2_0**2*q5_0 - 11200*q2_0*q3_0**2*q5_1 - 16800*q2_0*q3_0*q4_0 + 7350*q2_0*q4_0*q7_0 + 4900*q2_0*q5_0*q6_1 + 2450*q2_0*q5_1*q6_0 - 4480*q3_0**3 + 7840*q3_0**2*q7_0 + 11760*q3_0*q4_0*q6_1 + 7840*q3_0*q5_0*q5_1 + 3920*q3_0*q6_0 + 4410*q4_0**2*q5_1 + 5880*q4_0*q5_0 - 3430*q6_0*q7_0
29	4	[0,0]	5	76	6174*a1_0*b3*b4*q7_1 - 4410*a1_0*b3*b4 - 6174*a1_0*b3*q5_1*q7_1 + 6615*a1_0*b3*q5_1 + 8820*a1_0*b4**2*q2_0*q5_1 + 1764*a1_0*b4**2*q3_0 - 12348*a1_0*b4**2*q5_1*q6_1 - 12348*a1_0*b4**2*q7_0 + 22050*a1_0*b4*q2_0**2*q7_1 - 3150*a1_0*b4*q2_0**2 - 4410*a1_0*b4*q2_0*q5_1**2 - 8820*a1_0*b4*q2_0*q6_1 - 7056*a1_0*b4*q3_0*q5_1 - 18522*a1_0*b4*q4_0*q7_1 + 24696*a1_0*b4*q5_1*q7_0 + 12348*a1_0*b4*q6_1**2 + 6300*a1_0*q2_0**2*q5_1 - 17640*a1_0*q2_0*q3_0*q7_1 + 5040*a1_0*q2_0*q3_0 + 1764*a1_0*q3_0*q5_1**2 + 3528*a1_0*q3_0*q6_1 + 12348*a1_0*q5_0*q7_1 - 882*a1_0*q5_0 - 12348*a1_0*q6_1*q7_0 - 2744*a2_0*b3*q7_1 + 1176*a2_0*b3 - 2744*a2_0*b4**2*q5_1**2 - 5488*a2_0*b4**2*q6_1 + 3920*a2_0*b4*q2_0*q5_1 - 21952*a2_0*b4*q3_0*q7_1 + 3136*a2_0*b4*q3_0 + 10976*a2_0*b4*q5_1*q6_1 + 10976*a2_0*b4*q7_0 + 4200*a2_0*q2_0**2 - 1960*a2_0*q2_0*q5_1**2 - 3920*a2_0*q2_0*q6_1 - 3136*a2_0*q3_0*q5_1 + 16464*a2_0*q4_0*q7_1 - 2352*a2_0*q4_0 - 5488*a2_0*q5_1*q7_0 - 2744*a2_0*q6_1**2 + 2058*a4_0*b4**2 - 8232*a4_0*b4*q5_1 - 4410*a4_0*q2_0 + 2058*a4_0*q5_1**2 + 4116*a4_0*q6_1 + 24010*a5_0*b4*q7_1 - 6860*a5_0*b4 + 6860*a5_0*q5_1 - 19208*a6_0*q7_1 + 4116*a6_0 + 2940*b3*b4**2 + 10290*b3*b4*q5_1*q7_1 - 17640*b3*b4*q5_1 + 9800*b3*q2_0*q7_1 - 4900*b3*q2_0 + 8820*b3*q5_1**2 - 10290*b3*q6_1*q7_1 + 8820*b3*q6_1 - 5250*b4**2*q2_0**2 + 9800*b4**2*q2_0*q5_1**2 + 19600*b4**2*q2_0*q6_1 + 11760*b4**2*q3_0*q5_1 + 2940*b4**2*q4_0 - 20580*b4**2*q5_1*q7_0 - 10290*b4**2*q6_1**2 + 7000*b4*q2_0**2*q5_1 + 39200*b4*q2_0*q3_0*q7_1 + 4200*b4*q2_0*q3_0 - 24500*b4*q2_0*q5_1*q6_1 - 24500*b4*q2_0*q7_0 - 11760*b4*q3_0*q5_1**2 - 23520*b4*q3_0*q6_1 - 11760*b4*q4_0*q5_1 - 13720*b4*q5_0*q7_1 - 1960*b4*q5_0 + 41160*b4*q6_1*q7_0 - 3750*q2_0**3 + 1750*q2_0**2*q5_1**2 + 3500*q2_0**2*q6_1 - 14700*q2_0*q4_0*q7_1 + 2100*q2_0*q4_0 + 4900*q2_0*q5_1*q7_0 + 2450*q2_0*q6_1**2 - 15680*q3_0**2*q7_1 + 11760*q3_0*q5_1*q6_1 + 11760*q3_0*q7_0 + 2940*q4_0*q5_1**2 + 5880*q4_0*q6_1 + 1960*q5_0*q5_1 + 6860*q6_0*q7_1 - 10290*q7_0**2
19	3	[1,2]	3	16	-105*a1_0*b4**2 - 882*a1_0*b4*q5_1*q7_1 + 630*a1_0*b4*q5_1 + 105*a1_0*q2_0 - 315*a1_0*q5_1**2 + 882*a1_0*q6_1*q7_1 - 315*a1_0*q6_1 - 392*a2_0*b4*q7_1 + 112*a2_0*b4 + 392*a2_0*q5_1*q7_1 - 168*a2_0*q5_1 - 420*b4**2*q5_1 + 350*b4*q2_0*q7_1 - 400*b4*q2_0 + 840*b4*q5_1**2 - 1470*b4*q6_1*q7_1 + 840*b4*q6_1 - 350*q2_0*q5_1*q7_1 + 600*q2_0*q5_1 - 840*q3_0*q7_1 + 220*q3_0 - 140*q5_1**3 - 840*q5_1*q6_1 + 1470*q7_0*q7_1 - 420*q7_0
22	3	[0,2]	4	16	-105*a1_0*b1*b4**2 - 882*a1_0*b1*b4*q5_1*q7_1 + 630*a1_0*b1*b4*q5_1 + 105*a1_0*b1*q2_0 - 315*a1_0*b1*q5_1**2 + 882*a1_0*b1*q6_1*q7_1 - 315*a1_0*b1*q6_1 - 392*a2_0*b1*b4*q7_1 + 112*a2_0*b1*b4 + 392*a2_0*b1*q5_1*q7_1 - 168*a2_0*b1*q5_1 - 420*b1*b4**2*q5_1 + 350*b1*b4*q2_0*q7_1 - 400*b1*b4*q2_0 + 840*b1*b4*q5_1**2 - 1470*b1*b4*q6_1*q7_1 + 840*b1*b4*q6_1 - 350*b1*q2_0*q5_1*q7_1 + 600*b1*q2_0*q5_1 - 840*b1*q3_0*q7_1 + 220*b1*q3_0 - 140*b1*q5_1**3 - 840*b1*q5_1*q6_1 + 1470*b1*q7_0*q7_1 - 420*b1*q7_0
23	3	[0,1]	6	127	-2205*a1_0*b2*b4**2 - 18522*a1_0*b2*b4*q5_1*q7_1 + 13230*a1_0*b2*b4*q5_1 + 2205*a1_0*b2*q2_0 - 6615*a1_0*b2*q5_1**2 + 18522*a1_0*b2*q6_1*q7_1 - 6615*a1_0*b2*q6_1 - 8820*a1_0*b3*q2_0*q3_0*q7_1 - 1260*a1_0*b3*q2_0*q3_0 + 1764*a1_0*b3*q3_0*q5_1**2 + 3528*a1_0*b3*q3_0*q6_1 + 6174*a1_0*b3*q5_0*q7_1 + 6300*a1_0*b4*q2_0**2*q3_0*q5_1 + 4725*a1_0*b4*q2_0**2*q4_0 + 10080*a1_0*b4*q2_0*q3_0**2 - 8820*a1_0*b4*q2_0*q3_0*q7_0 - 6615*a1_0*b4*q2_0*q4_0*q6_1 - 4410*a1_0*b4*q2_0*q5_0*q5_1 - 2205*a1_0*b4*q2_0*q6_0 - 7056*a1_0*b4*q3_0**2*q6_1 - 10584*a1_0*b4*q3_0*q4_0*q5_1 - 7056*a1_0*b4*q3_0*q5_0 - 3969*a1_0*b4*q4_0**2 + 6174*a1_0*b4*q5_0*q7_0 + 3087*a1_0*b4*q6_0*q6_1 - 4725*a1_0*q2_0**2*q4_0*q5_1 - 3150*a1_0*q2_0**2*q5_0 - 7560*a1_0*q2_0*q3_0*q4_0 + 6615*a1_0*q2_0*q4_0*q7_0 + 4410*a1_0*q2_0*q5_0*q6_1 + 2205*a1_0*q2_0*q5_1*q6_0 + 5292*a1_0*q3_0*q4_0*q6_1 + 3528*a1_0*q3_0*q5_0*q5_1 + 1764*a1_0*q3_0*q6_0 + 3969*a1_0*q4_0**2*q5_1 + 5292*a1_0*q4_0*q5_0 - 3087*a1_0*q6_0*q7_0 - 8232*a2_0*b2*b4*q7_1 + 2352*a2_0*b2*b4 + 8232*a2_0*b2*q5_1*q7_1 - 3528*a2_0*b2*q5_1 + 1568*a2_0*b3*q3_0*q5_1 + 8232*a2_0*b3*q4_0*q7_1 + 5600*a2_0*b4*q2_0**2*q3_0 - 7840*a2_0*b4*q2_0*q3_0*q6_1 - 5880*a2_0*b4*q2_0*q4_0*q5_1 - 3920*a2_0*b4*q2_0*q5_0 - 6272*a2_0*b4*q3_0**2*q5_1 - 9408*a2_0*b4*q3_0*q4_0 + 8232*a2_0*b4*q4_0*q7_0 + 5488*a2_0*b4*q5_0*q6_1 + 2744*a2_0*b4*q5_1*q6_0 - 4200*a2_0*q2_0**2*q4_0 + 5880*a2_0*q2_0*q4_0*q6_1 + 3920*a2_0*q2_0*q5_0*q5_1 + 1960*a2_0*q2_0*q6_0 + 4704*a2_0*q3_0*q4_0*q5_1 + 3136*a2_0*q3_0*q5_0 + 3528*a2_0*q4_0**2 - 5488*a2_0*q5_0*q7_0 - 2744*a2_0*q6_0*q6_1 - 5880*a4_0*b4*q2_0*q3_0 + 8232*a4_0*b4*q3_0*q6_1 + 6174*a4_0*b4*q4_0*q5_1 + 4116*a4_0*b4*q5_0 + 4410*a4_0*q2_0*q4_0 - 6174*a4_0*q4_0*q6_1 - 4116*a4_0*q5_0*q5_1 - 2058*a4_0*q6_0 + 6860*a5_0*b4*q3_0*q5_1 + 5145*a5_0*b4*q4_0 - 5145*a5_0*q4_0*q5_1 - 3430*a5_0*q5_0 - 9604*a6_0*b3*q7_1 + 5488*a6_0*b4*q3_0 - 9604*a6_0*b4*q7_0 - 4116*a6_0*q4_0 - 7203*a7_0*b4*q6_1 + 7203*a7_0*q7_0 - 4802*a8_0*b4*q5_1 + 4802*a8_0*q6_1 - 2401*a9_0*b4 + 2401*a9_0*q5_1 - 8820*b2*b4**2*q5_1 + 7350*b2*b4*q2_0*q7_1 - 8400*b2*b4*q2_0 + 17640*b2*b4*q5_1**2 - 30870*b2*b4*q6_1*q7_1 + 17640*b2*b4*q6_1 - 7350*b2*q2_0*q5_1*q7_1 + 12600*b2*q2_0*q5_1 - 11760*b2*q3_0*q7_1 + 4060*b2*q3_0 - 2940*b2*q5_1**3 - 17640*b2*q5_1*q6_1 + 30870*b2*q7_0*q7_1 - 8820*b2*q7_0 - 5600*b3*q2_0*q3_0*q5_1 - 7350*b3*q2_0*q4_0*q7_1 - 7840*b3*q3_0**2*q7_1 - 1680*b3*q3_0**2 + 5880*b3*q3_0*q5_1*q6_1 + 5880*b3*q3_0*q7_0 + 3430*b3*q6_0*q7_1 - 5000*b4*q2_0**3*q3_0 + 7000*b4*q2_0**2*q3_0*q6_1 + 5250*b4*q2_0**2*q4_0*q5_1 + 3500*b4*q2_0**2*q5_0 + 11200*b4*q2_0*q3_0**2*q5_1 + 16800*b4*q2_0*q3_0*q4_0 - 7350*b4*q2_0*q4_0*q7_0 - 4900*b4*q2_0*q5_0*q6_1 - 2450*b4*q2_0*q5_1*q6_0 + 4480*b4*q3_0**3 - 7840*b4*q3_0**2*q7_0 - 11760*b4*q3_0*q4_0*q6_1 - 7840*b4*q3_0*q5_0*q5_1 - 3920*b4*q3_0*q6_0 - 4410*b4*q4_0**2*q5_1 - 5880*b4*q4_0*q5_0 + 3430*b4*q6_0*q7_0 + 3750*q2_0**3*q4_0 - 5250*q2_0**2*q4_0*q6_1 - 3500*q2_0**2*q5_0*q5_1 - 1750*q2_0**2*q6_0 - 8400*q2_0*q3_0*q4_0*q5_1 - 5600*q2_0*q3_0*q5_0 - 6300*q2_0*q4_0**2 + 4900*q2_0*q5_0*q7_0 + 2450*q2_0*q6_0*q6_1 - 3360*q3_0**2*q4_0 + 5880*q3_0*q4_0*q7_0 + 3920*q3_0*q5_0*q6_1 + 1960*q3_0*q5_1*q6_0 + 4410*q4_0**2*q6_1 + 5880*q4_0*q5_0*q5_1 + 2940*q4_0*q6_0 + 1960*q5_0**2
24	3	[0,0]	5	101	2205*a1_0*b3*b4**2 + 6174*a1_0*b3*b4*q5_1*q7_1 - 13230*a1_0*b3*b4*q5_1 - 945*a1_0*b3*q2_0 + 4851*a1_0*b3*q5_1**2 - 6174*a1_0*b3*q6_1*q7_1 + 3087*a1_0*b3*q6_1 + 3150*a1_0*b4**2*q2_0**2 + 3528*a1_0*b4**2*q3_0*q5_1 - 12348*a1_0*b4**2*q5_1*q7_0 - 6174*a1_0*b4**2*q6_1**2 - 12600*a1_0*b4*q2_0**2*q5_1 + 17640*a1_0*b4*q2_0*q3_0*q7_1 - 12600*a1_0*b4*q2_0*q3_0 - 12348*a1_0*b4*q5_0*q7_1 + 1764*a1_0*b4*q5_0 + 24696*a1_0*b4*q6_1*q7_0 + 3150*a1_0*q2_0**2*q5_1**2 + 5040*a1_0*q2_0*q3_0*q5_1 - 13230*a1_0*q2_0*q4_0*q7_1 - 1890*a1_0*q2_0*q4_0 - 3528*a1_0*q3_0*q5_1*q6_1 + 3528*a1_0*q3_0*q7_0 + 5292*a1_0*q4_0*q6_1 + 1764*a1_0*q5_0*q5_1 + 6174*a1_0*q6_0*q7_1 + 882*a1_0*q6_0 - 6174*a1_0*q7_0**2 + 2744*a2_0*b3*b4*q7_1 - 2352*a2_0*b3*b4 - 2744*a2_0*b3*q5_1*q7_1 + 1960*a2_0*b3*q5_1 - 3920*a2_0*b4**2*q2_0*q5_1 - 1568*a2_0*b4**2*q3_0 - 5488*a2_0*b4**2*q5_1*q6_1 - 5488*a2_0*b4**2*q7_0 - 8400*a2_0*b4*q2_0**2 + 3920*a2_0*b4*q2_0*q5_1**2 + 7840*a2_0*b4*q2_0*q6_1 + 9408*a2_0*b4*q3_0*q5_1 - 16464*a2_0*b4*q4_0*q7_1 + 4704*a2_0*b4*q4_0 + 10976*a2_0*b4*q5_1*q7_0 + 5488*a2_0*b4*q6_1**2 + 2800*a2_0*q2_0**2*q5_1 - 3920*a2_0*q2_0*q5_1*q6_1 + 3920*a2_0*q2_0*q7_0 - 3136*a2_0*q3_0*q5_1**2 + 10976*a2_0*q5_0*q7_1 + 784*a2_0*q5_0 - 5488*a2_0*q6_1*q7_0 + 4116*a4_0*b4**2*q5_1 + 8820*a4_0*b4*q2_0 - 4116*a4_0*b4*q5_1**2 - 8232*a4_0*b4*q6_1 - 2940*a4_0*q2_0*q5_1 + 4116*a4_0*q5_1*q6_1 - 4116*a4_0*q7_0 + 3430*a5_0*b4**2 - 13720*a5_0*b4*q5_1 + 3430*a5_0*q5_1**2 + 19208*a6_0*b4*q7_1 - 8232*a6_0*b4 + 2744*a6_0*q5_1 - 14406*a7_0*q7_1 - 5880*b2*q7_1 + 560*b2 + 8820*b3*b4**2*q5_1 - 2450*b3*b4*q2_0*q7_1 + 8400*b3*b4*q2_0 - 17640*b3*b4*q5_1**2 + 10290*b3*b4*q6_1*q7_1 - 17640*b3*b4*q6_1 + 2450*b3*q2_0*q5_1*q7_1 - 7000*b3*q2_0*q5_1 + 5880*b3*q3_0*q7_1 - 1820*b3*q3_0 + 2940*b3*q5_1**3 + 11760*b3*q5_1*q6_1 - 10290*b3*q7_0*q7_1 + 2940*b3*q7_0 + 3500*b4**2*q2_0**2*q5_1 + 4900*b4**2*q2_0*q5_1*q6_1 + 4900*b4**2*q2_0*q7_0 + 5880*b4**2*q3_0*q5_1**2 + 11760*b4**2*q3_0*q6_1 + 5880*b4**2*q4_0*q5_1 + 980*b4**2*q5_0 - 20580*b4**2*q6_1*q7_0 + 7500*b4*q2_0**3 - 3500*b4*q2_0**2*q5_1**2 - 7000*b4*q2_0**2*q6_1 - 11200*b4*q2_0*q3_0*q5_1 + 14700*b4*q2_0*q4_0*q7_1 - 4200*b4*q2_0*q4_0 - 9800*b4*q2_0*q5_1*q7_0 - 4900*b4*q2_0*q6_1**2 + 15680*b4*q3_0**2*q7_1 - 3360*b4*q3_0**2 - 11760*b4*q3_0*q5_1*q6_1 - 11760*b4*q3_0*q7_0 - 5880*b4*q4_0*q5_1**2 - 11760*b4*q4_0*q6_1 - 3920*b4*q5_0*q5_1 - 6860*b4*q6_0*q7_1 + 20580*b4*q7_0**2 - 2500*q2_0**3*q5_1 + 3500*q2_0**2*q5_1*q6_1 - 3500*q2_0**2*q7_0 + 5600*q2_0*q3_0*q5_1**2 - 4200*q2_0*q4_0*q5_1 - 9800*q2_0*q5_0*q7_1 - 2800*q2_0*q5_0 + 4900*q2_0*q6_1*q7_0 + 2240*q3_0**2*q5_1 - 11760*q3_0*q4_0*q7_1 - 2520*q3_0*q4_0 + 5880*q4_0*q5_1*q6_1 + 11760*q4_0*q7_0 + 980*q5_0*q5_1**2 + 5880*q5_0*q6_1 + 1960*q5_1*q6_0
13	2	[1,2]	4	32	-945*a1_0*b4**2*q5_1 - 270*a1_0*b4*q2_0 + 1386*a1_0*b4*q5_1**2 - 2646*a1_0*b4*q6_1*q7_1 + 882*a1_0*b4*q6_1 + 225*a1_0*q2_0*q5_1 - 1260*a1_0*q3_0*q7_1 - 315*a1_0*q5_1**3 - 882*a1_0*q5_1*q6_1 + 2646*a1_0*q7_0*q7_1 + 63*a1_0*q7_0 - 168*a2_0*b4**2 - 1176*a2_0*b4*q5_1*q7_1 + 560*a2_0*b4*q5_1 - 1400*a2_0*q2_0*q7_1 - 280*a2_0*q5_1**2 + 1176*a2_0*q6_1*q7_1 - 56*a2_0*q6_1 + 1470*a4_0*q7_1 - 1260*b3*q7_1 + 170*b3 + 600*b4**2*q2_0 - 1260*b4**2*q5_1**2 - 1260*b4**2*q6_1 + 1050*b4*q2_0*q5_1*q7_1 - 2000*b4*q2_0*q5_1 - 360*b4*q3_0 + 840*b4*q5_1**3 + 3360*b4*q5_1*q6_1 - 4410*b4*q7_0*q7_1 + 840*b4*q7_0 + 1250*q2_0**2*q7_1 + 1000*q2_0*q5_1**2 - 1050*q2_0*q6_1*q7_1 + 200*q2_0*q6_1 + 300*q3_0*q5_1 - 2940*q4_0*q7_1 + 180*q4_0 - 1260*q5_1**2*q6_1 - 840*q5_1*q7_0 - 420*q6_1**2
14	2	[1,1]	1	3	315*a1_0*q7_1 - 33*a1_0 - 210*b4*q7_1 + 10*b4 - 210*q5_1*q7_1 + 40*q5_1
16	2	[0,2]	5	35	-945*a1_0*b1*b4**2*q5_1 - 270*a1_0*b1*b4*q2_0 + 1386*a1_0*b1*b4*q5_1**2 - 2646*a1_0*b1*b4*q6_1*q7_1 + 882*a1_0*b1*b4*q6_1 + 225*a1_0*b1*q2_0*q5_1 - 1260*a1_0*b1*q3_0*q7_1 - 315*a1_0*b1*q5_1**3 - 882*a1_0*b1*q5_1*q6_1 + 2646*a1_0*b1*q7_0*q7_1 + 63*a1_0*b1*q7_0 + 1260*a1_0*q7_1 - 132*a1_0 - 168*a2_0*b1*b4**2 - 1176*a2_0*b1*b4*q5_1*q7_1 + 560*a2_0*b1*b4*q5_1 - 1400*a2_0*b1*q2_0*q7_1 - 280*a2_0*b1*q5_1**2 + 1176*a2_0*b1*q6_1*q7_1 - 56*a2_0*b1*q6_1 + 1470*a4_0*b1*q7_1 - 1260*b1*b3*q7_1 + 170*b1*b3 + 600*b1*b4**2*q2_0 - 1260*b1*b4**2*q5_1**2 - 1260*b1*b4**2*q6_1 + 1050*b1*b4*q2_0*q5_1*q7_1 - 2000*b1*b4*q2_0*q5_1 - 360*b1*b4*q3_0 + 840*b1*b4*q5_1**3 + 3360*b1*b4*q5_1*q6_1 - 4410*b1*b4*q7_0*q7_1 + 840*b1*b4*q7_0 + 1250*b1*q2_0**2*q7_1 + 1000*b1*q2_0*q5_1**2 - 1050*b1*q2_0*q6_1*q7_1 + 200*b1*q2_0*q6_1 + 300*b1*q3_0*q5_1 - 2940*b1*q4_0*q7_1 + 180*b1*q4_0 - 1260*b1*q5_1**2*q6_1 - 840*b1*q5_1*q7_0 - 420*b1*q6_1**2 - 840*b4*q7_1 + 40*b4 - 840*q5_1*q7_1 + 160*q5_1
17	2	[0,1]	6	134	8820*a1_0*b1*q7_1 - 924*a1_0*b1 - 6615*a1_0*b2*b4**2*q5_1 - 1890*a1_0*b2*b4*q2_0 + 9702*a1_0*b2*b4*q5_1**2 - 18522*a1_0*b2*b4*q6_1*q7_1 + 6174*a1_0*b2*b4*q6_1 + 1575*a1_0*b2*q2_0*q5_1 - 8820*a1_0*b2*q3_0*q7_1 - 2205*a1_0*b2*q5_1**3 - 6174*a1_0*b2*q5_1*q6_1 + 18522*a1_0*b2*q7_0*q7_1 + 441*a1_0*b2*q7_0 - 6615*a1_0*b3*q2_0*q4_0*q7_1 - 945*a1_0*b3*q2_0*q4_0 + 1323*a1_0*b3*q4_0*q5_1**2 + 2646*a1_0*b3*q4_0*q6_1 + 3087*a1_0*b3*q6_0*q7_1 + 4725*a1_0*b4*q2_0**2*q4_0*q5_1 + 3150*a1_0*b4*q2_0**2*q5_0 + 7560*a1_0*b4*q2_0*q3_0*q4_0 - 6615*a1_0*b4*q2_0*q4_0*q7_0 - 4410*a1_0*b4*q2_0*q5_0*q6_1 - 2205*a1_0*b4*q2_0*q5_1*q6_0 - 5292*a1_0*b4*q3_0*q4_0*q6_1 - 3528*a1_0*b4*q3_0*q5_0*q5_1 - 1764*a1_0*b4*q3_0*q6_0 - 3969*a1_0*b4*q4_0**2*q5_1 - 5292*a1_0*b4*q4_0*q5_0 + 3087*a1_0*b4*q6_0*q7_0 - 3150*a1_0*q2_0**2*q5_0*q5_1 - 1575*a1_0*q2_0**2*q6_0 - 5040*a1_0*q2_0*q3_0*q5_0 + 4410*a1_0*q2_0*q5_0*q7_0 + 2205*a1_0*q2_0*q6_0*q6_1 + 3528*a1_0*q3_0*q5_0*q6_1 + 1764*a1_0*q3_0*q5_1*q6_0 + 2646*a1_0*q4_0*q5_0*q5_1 + 1323*a1_0*q4_0*q6_0 + 1764*a1_0*q5_0**2 - 1176*a2_0*b2*b4**2 - 8232*a2_0*b2*b4*q5_1*q7_1 + 3920*a2_0*b2*b4*q5_1 - 9800*a2_0*b2*q2_0*q7_1 - 1960*a2_0*b2*q5_1**2 + 8232*a2_0*b2*q6_1*q7_1 - 392*a2_0*b2*q6_1 + 1176*a2_0*b3*q4_0*q5_1 + 5488*a2_0*b3*q5_0*q7_1 + 4200*a2_0*b4*q2_0**2*q4_0 - 5880*a2_0*b4*q2_0*q4_0*q6_1 - 3920*a2_0*b4*q2_0*q5_0*q5_1 - 1960*a2_0*b4*q2_0*q6_0 - 4704*a2_0*b4*q3_0*q4_0*q5_1 - 3136*a2_0*b4*q3_0*q5_0 - 3528*a2_0*b4*q4_0**2 + 5488*a2_0*b4*q5_0*q7_0 + 2744*a2_0*b4*q6_0*q6_1 - 2800*a2_0*q2_0**2*q5_0 + 3920*a2_0*q2_0*q5_0*q6_1 + 1960*a2_0*q2_0*q5_1*q6_0 + 3136*a2_0*q3_0*q5_0*q5_1 + 1568*a2_0*q3_0*q6_0 + 2352*a2_0*q4_0*q5_0 - 2744*a2_0*q6_0*q7_0 + 10290*a4_0*b2*q7_1 - 4410*a4_0*b4*q2_0*q4_0 + 6174*a4_0*b4*q4_0*q6_1 + 4116*a4_0*b4*q5_0*q5_1 + 2058*a4_0*b4*q6_0 + 2940*a4_0*q2_0*q5_0 - 4116*a4_0*q5_0*q6_1 - 2058*a4_0*q5_1*q6_0 + 5145*a5_0*b4*q4_0*q5_1 + 3430*a5_0*b4*q5_0 - 3430*a5_0*q5_0*q5_1 - 1715*a5_0*q6_0 + 4116*a6_0*b4*q4_0 - 2744*a6_0*q5_0 - 7203*a7_0*b3*q7_1 - 7203*a7_0*b4*q7_0 - 4802*a8_0*b4*q6_1 + 4802*a8_0*q7_0 - 2401*a9_0*b4*q5_1 + 2401*a9_0*q6_1 - 5880*b1*b4*q7_1 + 280*b1*b4 - 5880*b1*q5_1*q7_1 + 1120*b1*q5_1 - 8820*b2*b3*q7_1 + 1190*b2*b3 + 4200*b2*b4**2*q2_0 - 8820*b2*b4**2*q5_1**2 - 8820*b2*b4**2*q6_1 + 7350*b2*b4*q2_0*q5_1*q7_1 - 14000*b2*b4*q2_0*q5_1 - 2520*b2*b4*q3_0 + 5880*b2*b4*q5_1**3 + 23520*b2*b4*q5_1*q6_1 - 30870*b2*b4*q7_0*q7_1 + 5880*b2*b4*q7_0 + 8750*b2*q2_0**2*q7_1 + 7000*b2*q2_0*q5_1**2 - 7350*b2*q2_0*q6_1*q7_1 + 1400*b2*q2_0*q6_1 + 2100*b2*q3_0*q5_1 - 16170*b2*q4_0*q7_1 + 840*b2*q4_0 - 8820*b2*q5_1**2*q6_1 - 5880*b2*q5_1*q7_0 - 2940*b2*q6_1**2 - 4200*b3*q2_0*q4_0*q5_1 - 4900*b3*q2_0*q5_0*q7_1 - 5880*b3*q3_0*q4_0*q7_1 - 1260*b3*q3_0*q4_0 + 4410*b3*q4_0*q5_1*q6_1 + 4410*b3*q4_0*q7_0 - 3750*b4*q2_0**3*q4_0 + 5250*b4*q2_0**2*q4_0*q6_1 + 3500*b4*q2_0**2*q5_0*q5_1 + 1750*b4*q2_0**2*q6_0 + 8400*b4*q2_0*q3_0*q4_0*q5_1 + 5600*b4*q2_0*q3_0*q5_0 + 6300*b4*q2_0*q4_0**2 - 4900*b4*q2_0*q5_0*q7_0 - 2450*b4*q2_0*q6_0*q6_1 + 3360*b4*q3_0**2*q4_0 - 5880*b4*q3_0*q4_0*q7_0 - 3920*b4*q3_0*q5_0*q6_1 - 1960*b4*q3_0*q5_1*q6_0 - 4410*b4*q4_0**2*q6_1 - 5880*b4*q4_0*q5_0*q5_1 - 2940*b4*q4_0*q6_0 - 1960*b4*q5_0**2 + 2500*q2_0**3*q5_0 - 3500*q2_0**2*q5_0*q6_1 - 1750*q2_0**2*q5_1*q6_0 - 5600*q2_0*q3_0*q5_0*q5_1 - 2800*q2_0*q3_0*q6_0 - 4200*q2_0*q4_0*q5_0 + 2450*q2_0*q6_0*q7_0 - 2240*q3_0**2*q5_0 + 3920*q3_0*q5_0*q7_0 + 1960*q3_0*q6_0*q6_1 + 2940*q4_0*q5_0*q6_1 + 1470*q4_0*q5_1*q6_0 + 1960*q5_0**2*q5_1 + 1960*q5_0*q6_0
18	2	[0,0]	6	145	8820*a1_0*b2*q7_1 - 924*a1_0*b2 - 6615*a1_0*b3*b4**2*q5_1 - 945*a1_0*b3*b4*q2_0 + 8379*a1_0*b3*b4*q5_1**2 - 6174*a1_0*b3*b4*q6_1*q7_1 + 3528*a1_0*b3*b4*q6_1 + 630*a1_0*b3*q2_0*q5_1 - 3528*a1_0*b3*q3_0*q7_1 - 882*a1_0*b3*q5_1**3 - 3528*a1_0*b3*q5_1*q6_1 + 6174*a1_0*b3*q7_0*q7_1 + 441*a1_0*b3*q7_0 - 6300*a1_0*b4**2*q2_0**2*q5_1 - 7560*a1_0*b4**2*q2_0*q3_0 + 1764*a1_0*b4**2*q3_0*q5_1**2 + 3528*a1_0*b4**2*q3_0*q6_1 + 882*a1_0*b4**2*q5_0 + 12348*a1_0*b4**2*q6_1*q7_0 + 6300*a1_0*b4*q2_0**2*q5_1**2 + 10080*a1_0*b4*q2_0*q3_0*q5_1 - 13230*a1_0*b4*q2_0*q4_0*q7_1 - 1890*a1_0*b4*q2_0*q4_0 - 7056*a1_0*b4*q3_0*q5_1*q6_1 + 7056*a1_0*b4*q3_0*q7_0 - 2646*a1_0*b4*q4_0*q5_1**2 + 5292*a1_0*b4*q4_0*q6_1 + 3528*a1_0*b4*q5_0*q5_1 + 6174*a1_0*b4*q6_0*q7_1 + 1764*a1_0*b4*q6_0 - 12348*a1_0*b4*q7_0**2 - 1575*a1_0*q2_0**2*q5_1*q6_1 + 1575*a1_0*q2_0**2*q7_0 - 2520*a1_0*q2_0*q3_0*q6_1 + 8820*a1_0*q2_0*q5_0*q7_1 + 1260*a1_0*q2_0*q5_0 - 1764*a1_0*q3_0*q5_1*q7_0 + 1764*a1_0*q3_0*q6_1**2 + 1323*a1_0*q4_0*q5_1*q6_1 - 1323*a1_0*q4_0*q7_0 - 1764*a1_0*q5_0*q5_1**2 - 2646*a1_0*q5_0*q6_1 - 1764*a1_0*q5_1*q6_0 - 1176*a2_0*b3*b4**2 - 2744*a2_0*b3*b4*q5_1*q7_1 + 2744*a2_0*b3*b4*q5_1 - 3920*a2_0*b3*q2_0*q7_1 - 784*a2_0*b3*q5_1**2 + 2744*a2_0*b3*q6_1*q7_1 - 392*a2_0*b3*q6_1 - 4200*a2_0*b4**2*q2_0**2 + 1960*a2_0*b4**2*q2_0*q5_1**2 + 3920*a2_0*b4**2*q2_0*q6_1 + 6272*a2_0*b4**2*q3_0*q5_1 + 2352*a2_0*b4**2*q4_0 + 5488*a2_0*b4**2*q5_1*q7_0 + 2744*a2_0*b4**2*q6_1**2 + 5600*a2_0*b4*q2_0**2*q5_1 - 7840*a2_0*b4*q2_0*q5_1*q6_1 + 7840*a2_0*b4*q2_0*q7_0 - 6272*a2_0*b4*q3_0*q5_1**2 - 2352*a2_0*b4*q4_0*q5_1 + 10976*a2_0*b4*q5_0*q7_1 + 1568*a2_0*b4*q5_0 - 10976*a2_0*b4*q6_1*q7_0 - 1400*a2_0*q2_0**2*q6_1 - 1960*a2_0*q2_0*q5_1*q7_0 + 1960*a2_0*q2_0*q6_1**2 + 1568*a2_0*q3_0*q5_1*q6_1 - 1568*a2_0*q3_0*q7_0 + 1176*a2_0*q4_0*q6_1 - 1568*a2_0*q5_0*q5_1 - 5488*a2_0*q6_0*q7_1 - 392*a2_0*q6_0 + 2744*a2_0*q7_0**2 + 4116*a4_0*b3*q7_1 + 4410*a4_0*b4**2*q2_0 - 2058*a4_0*b4**2*q5_1**2 - 4116*a4_0*b4**2*q6_1 - 5880*a4_0*b4*q2_0*q5_1 + 8232*a4_0*b4*q5_1*q6_1 - 8232*a4_0*b4*q7_0 + 1470*a4_0*q2_0*q6_1 + 2058*a4_0*q5_1*q7_0 - 2058*a4_0*q6_1**2 - 6860*a5_0*b4**2*q5_1 + 6860*a5_0*b4*q5_1**2 - 1715*a5_0*q5_1*q6_1 + 1715*a5_0*q7_0 - 4116*a6_0*b4**2 + 5488*a6_0*b4*q5_1 - 1372*a6_0*q6_1 - 14406*a7_0*b4*q7_1 + 9604*a8_0*q7_1 - 10290*b2*b4*q7_1 + 700*b2*b4 - 1470*b2*q5_1*q7_1 + 700*b2*q5_1 - 2940*b3**2*q7_1 + 420*b3**2 + 4200*b3*b4**2*q2_0 - 8820*b3*b4**2*q5_1**2 - 8820*b3*b4**2*q6_1 + 2450*b3*b4*q2_0*q5_1*q7_1 - 9800*b3*b4*q2_0*q5_1 - 1260*b3*b4*q3_0 + 5880*b3*b4*q5_1**3 + 19110*b3*b4*q5_1*q6_1 - 10290*b3*b4*q7_0*q7_1 + 1470*b3*b4*q7_0 + 3500*b3*q2_0**2*q7_1 + 2800*b3*q2_0*q5_1**2 - 2450*b3*q2_0*q6_1*q7_1 + 1400*b3*q2_0*q6_1 + 840*b3*q3_0*q5_1 - 7350*b3*q4_0*q7_1 + 420*b3*q4_0 - 4410*b3*q5_1**2*q6_1 - 1470*b3*q5_1*q7_0 - 2940*b3*q6_1**2 + 3750*b4**2*q2_0**3 - 1750*b4**2*q2_0**2*q5_1**2 - 3500*b4**2*q2_0**2*q6_1 - 11200*b4**2*q2_0*q3_0*q5_1 - 2100*b4**2*q2_0*q4_0 - 4900*b4**2*q2_0*q5_1*q7_0 - 2450*b4**2*q2_0*q6_1**2 - 3360*b4**2*q3_0**2 - 2940*b4**2*q4_0*q5_1**2 - 5880*b4**2*q4_0*q6_1 - 1960*b4**2*q5_0*q5_1 + 10290*b4**2*q7_0**2 - 5000*b4*q2_0**3*q5_1 + 7000*b4*q2_0**2*q5_1*q6_1 - 7000*b4*q2_0**2*q7_0 + 11200*b4*q2_0*q3_0*q5_1**2 - 9800*b4*q2_0*q5_0*q7_1 - 5600*b4*q2_0*q5_0 + 9800*b4*q2_0*q6_1*q7_0 + 4480*b4*q3_0**2*q5_1 - 11760*b4*q3_0*q4_0*q7_1 - 2520*b4*q3_0*q4_0 + 2940*b4*q4_0*q5_1*q6_1 + 14700*b4*q4_0*q7_0 + 1960*b4*q5_0*q5_1**2 + 11760*b4*q5_0*q6_1 + 3920*b4*q5_1*q6_0 + 1250*q2_0**3*q6_1 + 1750*q2_0**2*q5_1*q7_0 - 1750*q2_0**2*q6_1**2 - 2800*q2_0*q3_0*q5_1*q6_1 + 2800*q2_0*q3_0*q7_0 - 2100*q2_0*q4_0*q6_1 + 5600*q2_0*q5_0*q5_1 + 4900*q2_0*q6_0*q7_1 + 1400*q2_0*q6_0 - 2450*q2_0*q7_0**2 - 1120*q3_0**2*q6_1 + 7840*q3_0*q5_0*q7_1 + 1680*q3_0*q5_0 - 1470*q4_0*q5_1*q7_0 + 1470*q4_0*q6_1**2 - 4900*q5_0*q5_1*q6_1 - 6860*q5_0*q7_0 - 1470*q5_1**2*q6_0 - 2450*q6_0*q6_1
7	1	[1,2]	5	48	-441*a1_0*b3*q7_1 + 66*a1_0*b3 - 504*a1_0*b4**2*q5_1**2 - 63*a1_0*b4**2*q6_1 - 180*a1_0*b4*q2_0*q5_1 + 1008*a1_0*b4*q3_0*q7_1 + 252*a1_0*b4*q5_1**3 + 1008*a1_0*b4*q5_1*q6_1 - 2646*a1_0*b4*q7_0*q7_1 - 126*a1_0*b4*q7_0 + 675*a1_0*q2_0**2*q7_1 + 135*a1_0*q2_0*q6_1 - 756*a1_0*q3_0*q5_1*q7_1 - 567*a1_0*q4_0*q7_1 - 189*a1_0*q5_1**2*q6_1 - 378*a1_0*q6_1**2 - 112*a2_0*b4**2*q5_1 + 1120*a2_0*b4*q2_0*q7_1 + 224*a2_0*b4*q5_1**2 - 1176*a2_0*b4*q6_1*q7_1 + 112*a2_0*b4*q6_1 - 840*a2_0*q2_0*q5_1*q7_1 - 672*a2_0*q3_0*q7_1 - 168*a2_0*q5_1*q6_1 + 1176*a2_0*q7_0*q7_1 - 1176*a4_0*b4*q7_1 + 882*a4_0*q5_1*q7_1 + 735*a5_0*q7_1 - 210*b3*b4*q7_1 - 210*b3*q5_1*q7_1 + 40*b3*q5_1 + 400*b4**2*q2_0*q5_1 - 420*b4**2*q5_1**3 - 1050*b4**2*q5_1*q6_1 + 210*b4**2*q7_0 - 1000*b4*q2_0**2*q7_1 - 800*b4*q2_0*q5_1**2 + 1050*b4*q2_0*q6_1*q7_1 - 400*b4*q2_0*q6_1 - 240*b4*q3_0*q5_1 + 840*b4*q4_0*q7_1 + 1260*b4*q5_1**2*q6_1 + 420*b4*q5_1*q7_0 + 840*b4*q6_1**2 + 750*q2_0**2*q5_1*q7_1 + 1200*q2_0*q3_0*q7_1 + 600*q2_0*q5_1*q6_1 - 1050*q2_0*q7_0*q7_1 + 180*q3_0*q6_1 - 630*q4_0*q5_1*q7_1 - 1680*q5_0*q7_1 + 120*q5_0 - 630*q5_1*q6_1**2 - 630*q6_1*q7_0
8	1	[1,1]	2	8	-14553*a1_0*b4*q7_1 + 1386*a1_0*b4 + 2646*a1_0*q5_1*q7_1 + 5292*a2_0*q7_1 - 616*a2_0 + 4410*b4**2*q7_1 - 1260*b4*q5_1 - 6300*q2_0*q7_1 + 550*q2_0 + 2205*q5_1**2*q7_1 - 6615*q6_1*q7_1 + 1050*q6_1
10	1	[0,2]	6	56	-9261*a1_0*b1*b3*q7_1 + 1386*a1_0*b1*b3 - 10584*a1_0*b1*b4**2*q5_1**2 - 1323*a1_0*b1*b4**2*q6_1 - 3780*a1_0*b1*b4*q2_0*q5_1 + 21168*a1_0*b1*b4*q3_0*q7_1 + 5292*a1_0*b1*b4*q5_1**3 + 21168*a1_0*b1*b4*q5_1*q6_1 - 55566*a1_0*b1*b4*q7_0*q7_1 - 2646*a1_0*b1*b4*q7_0 + 14175*a1_0*b1*q2_0**2*q7_1 + 2835*a1_0*b1*q2_0*q6_1 - 15876*a1_0*b1*q3_0*q5_1*q7_1 - 11907*a1_0*b1*q4_0*q7_1 - 3969*a1_0*b1*q5_1**2*q6_1 - 7938*a1_0*b1*q6_1**2 - 29106*a1_0*b4*q7_1 + 2772*a1_0*b4 + 5292*a1_0*q5_1*q7_1 - 2352*a2_0*b1*b4**2*q5_1 + 23520*a2_0*b1*b4*q2_0*q7_1 + 4704*a2_0*b1*b4*q5_1**2 - 24696*a2_0*b1*b4*q6_1*q7_1 + 2352*a2_0*b1*b4*q6_1 - 17640*a2_0*b1*q2_0*q5_1*q7_1 - 14112*a2_0*b1*q3_0*q7_1 - 3528*a2_0*b1*q5_1*q6_1 + 24696*a2_0*b1*q7_0*q7_1 + 10584*a2_0*q7_1 - 1232*a2_0 - 24696*a4_0*b1*b4*q7_1 + 18522*a4_0*b1*q5_1*q7_1 + 15435*a5_0*b1*q7_1 - 4410*b1*b3*b4*q7_1 - 4410*b1*b3*q5_1*q7_1 + 840*b1*b3*q5_1 + 8400*b1*b4**2*q2_0*q5_1 - 8820*b1*b4**2*q5_1**3 - 22050*b1*b4**2*q5_1*q6_1 + 4410*b1*b4**2*q7_0 - 21000*b1*b4*q2_0**2*q7_1 - 16800*b1*b4*q2_0*q5_1**2 + 22050*b1*b4*q2_0*q6_1*q7_1 - 8400*b1*b4*q2_0*q6_1 - 5040*b1*b4*q3_0*q5_1 + 17640*b1*b4*q4_0*q7_1 + 26460*b1*b4*q5_1**2*q6_1 + 8820*b1*b4*q5_1*q7_0 + 17640*b1*b4*q6_1**2 + 15750*b1*q2_0**2*q5_1*q7_1 + 25200*b1*q2_0*q3_0*q7_1 + 12600*b1*q2_0*q5_1*q6_1 - 22050*b1*q2_0*q7_0*q7_1 + 3780*b1*q3_0*q6_1 - 13230*b1*q4_0*q5_1*q7_1 - 35280*b1*q5_0*q7_1 + 2520*b1*q5_0 - 13230*b1*q5_1*q6_1**2 - 13230*b1*q6_1*q7_0 + 8820*b4**2*q7_1 - 2520*b4*q5_1 - 12600*q2_0*q7_1 + 1100*q2_0 + 4410*q5_1**2*q7_1 - 13230*q6_1*q7_1 + 2100*q6_1
11	1	[0,1]	6	130	-29106*a1_0*b1*b4*q7_1 + 2772*a1_0*b1*b4 + 5292*a1_0*b1*q5_1*q7_1 - 9261*a1_0*b2*b3*q7_1 + 1386*a1_0*b2*b3 - 10584*a1_0*b2*b4**2*q5_1**2 - 1323*a1_0*b2*b4**2*q6_1 - 3780*a1_0*b2*b4*q2_0*q5_1 + 21168*a1_0*b2*b4*q3_0*q7_1 + 5292*a1_0*b2*b4*q5_1**3 + 21168*a1_0*b2*b4*q5_1*q6_1 - 55566*a1_0*b2*b4*q7_0*q7_1 - 2646*a1_0*b2*b4*q7_0 + 14175*a1_0*b2*q2_0**2*q7_1 + 2835*a1_0*b2*q2_0*q6_1 - 15876*a1_0*b2*q3_0*q5_1*q7_1 - 11907*a1_0*b2*q4_0*q7_1 - 3969*a1_0*b2*q5_1**2*q6_1 - 7938*a1_0*b2*q6_1**2 - 13230*a1_0*b3*q2_0*q5_0*q7_1 - 1890*a1_0*b3*q2_0*q5_0 + 2646*a1_0*b3*q5_0*q5_1**2 + 5292*a1_0*b3*q5_0*q6_1 + 9450*a1_0*b4*q2_0**2*q5_0*q5_1 + 4725*a1_0*b4*q2_0**2*q6_0 + 15120*a1_0*b4*q2_0*q3_0*q5_0 - 13230*a1_0*b4*q2_0*q5_0*q7_0 - 6615*a1_0*b4*q2_0*q6_0*q6_1 - 10584*a1_0*b4*q3_0*q5_0*q6_1 - 5292*a1_0*b4*q3_0*q5_1*q6_0 - 7938*a1_0*b4*q4_0*q5_0*q5_1 - 3969*a1_0*b4*q4_0*q6_0 - 5292*a1_0*b4*q5_0**2 - 4725*a1_0*q2_0**2*q5_1*q6_0 - 7560*a1_0*q2_0*q3_0*q6_0 + 6615*a1_0*q2_0*q6_0*q7_0 + 5292*a1_0*q3_0*q6_0*q6_1 + 3969*a1_0*q4_0*q5_1*q6_0 + 2646*a1_0*q5_0*q6_0 + 10584*a2_0*b1*q7_1 - 1232*a2_0*b1 - 2352*a2_0*b2*b4**2*q5_1 + 23520*a2_0*b2*b4*q2_0*q7_1 + 4704*a2_0*b2*b4*q5_1**2 - 24696*a2_0*b2*b4*q6_1*q7_1 + 2352*a2_0*b2*b4*q6_1 - 17640*a2_0*b2*q2_0*q5_1*q7_1 - 14112*a2_0*b2*q3_0*q7_1 - 3528*a2_0*b2*q5_1*q6_1 + 24696*a2_0*b2*q7_0*q7_1 + 2352*a2_0*b3*q5_0*q5_1 + 8232*a2_0*b3*q6_0*q7_1 + 8400*a2_0*b4*q2_0**2*q5_0 - 11760*a2_0*b4*q2_0*q5_0*q6_1 - 5880*a2_0*b4*q2_0*q5_1*q6_0 - 9408*a2_0*b4*q3_0*q5_0*q5_1 - 4704*a2_0*b4*q3_0*q6_0 - 7056*a2_0*b4*q4_0*q5_0 + 8232*a2_0*b4*q6_0*q7_0 - 4200*a2_0*q2_0**2*q6_0 + 5880*a2_0*q2_0*q6_0*q6_1 + 4704*a2_0*q3_0*q5_1*q6_0 + 3528*a2_0*q4_0*q6_0 - 24696*a4_0*b2*b4*q7_1 + 18522*a4_0*b2*q5_1*q7_1 - 8820*a4_0*b4*q2_0*q5_0 + 12348*a4_0*b4*q5_0*q6_1 + 6174*a4_0*b4*q5_1*q6_0 + 4410*a4_0*q2_0*q6_0 - 6174*a4_0*q6_0*q6_1 + 15435*a5_0*b2*q7_1 + 10290*a5_0*b4*q5_0*q5_1 + 5145*a5_0*b4*q6_0 - 5145*a5_0*q5_1*q6_0 + 8232*a6_0*b4*q5_0 - 4116*a6_0*q6_0 - 14406*a8_0*b3*q7_1 - 14406*a8_0*b4*q7_0 - 7203*a9_0*b4*q6_1 + 7203*a9_0*q7_0 + 8820*b1*b4**2*q7_1 - 2520*b1*b4*q5_1 - 12600*b1*q2_0*q7_1 + 1100*b1*q2_0 + 4410*b1*q5_1**2*q7_1 - 13230*b1*q6_1*q7_1 + 2100*b1*q6_1 - 4410*b2*b3*b4*q7_1 - 4410*b2*b3*q5_1*q7_1 + 840*b2*b3*q5_1 + 8400*b2*b4**2*q2_0*q5_1 - 8820*b2*b4**2*q5_1**3 - 22050*b2*b4**2*q5_1*q6_1 + 4410*b2*b4**2*q7_0 - 21000*b2*b4*q2_0**2*q7_1 - 16800*b2*b4*q2_0*q5_1**2 + 22050*b2*b4*q2_0*q6_1*q7_1 - 8400*b2*b4*q2_0*q6_1 - 5040*b2*b4*q3_0*q5_1 + 17640*b2*b4*q4_0*q7_1 + 26460*b2*b4*q5_1**2*q6_1 + 8820*b2*b4*q5_1*q7_0 + 17640*b2*b4*q6_1**2 + 15750*b2*q2_0**2*q5_1*q7_1 + 25200*b2*q2_0*q3_0*q7_1 + 12600*b2*q2_0*q5_1*q6_1 - 22050*b2*q2_0*q7_0*q7_1 + 3780*b2*q3_0*q6_1 - 13230*b2*q4_0*q5_1*q7_1 - 26460*b2*q5_0*q7_1 + 1680*b2*q5_0 - 13230*b2*q5_1*q6_1**2 - 13230*b2*q6_1*q7_0 - 8400*b3*q2_0*q5_0*q5_1 - 7350*b3*q2_0*q6_0*q7_1 - 11760*b3*q3_0*q5_0*q7_1 - 2520*b3*q3_0*q5_0 + 8820*b3*q5_0*q5_1*q6_1 + 8820*b3*q5_0*q7_0 - 7500*b4*q2_0**3*q5_0 + 10500*b4*q2_0**2*q5_0*q6_1 + 5250*b4*q2_0**2*q5_1*q6_0 + 16800*b4*q2_0*q3_0*q5_0*q5_1 + 8400*b4*q2_0*q3_0*q6_0 + 12600*b4*q2_0*q4_0*q5_0 - 7350*b4*q2_0*q6_0*q7_0 + 6720*b4*q3_0**2*q5_0 - 11760*b4*q3_0*q5_0*q7_0 - 5880*b4*q3_0*q6_0*q6_1 - 8820*b4*q4_0*q5_0*q6_1 - 4410*b4*q4_0*q5_1*q6_0 - 5880*b4*q5_0**2*q5_1 - 5880*b4*q5_0*q6_0 + 3750*q2_0**3*q6_0 - 5250*q2_0**2*q6_0*q6_1 - 8400*q2_0*q3_0*q5_1*q6_0 - 6300*q2_0*q4_0*q6_0 - 3360*q3_0**2*q6_0 + 5880*q3_0*q6_0*q7_0 + 4410*q4_0*q6_0*q6_1 + 2940*q5_0*q5_1*q6_0 + 1470*q6_0**2
12	1	[0,0]	7	141	29106*a1_0*b2*b4*q7_1 - 2772*a1_0*b2*b4 - 5292*a1_0*b2*q5_1*q7_1 - 1323*a1_0*b3**2*q7_1 + 10584*a1_0*b3*b4**2*q5_1**2 + 1323*a1_0*b3*b4**2*q6_1 + 1890*a1_0*b3*b4*q2_0*q5_1 - 10584*a1_0*b3*b4*q3_0*q7_1 - 2646*a1_0*b3*b4*q5_1**3 - 15876*a1_0*b3*b4*q5_1*q6_1 + 18522*a1_0*b3*b4*q7_0*q7_1 + 2646*a1_0*b3*b4*q7_0 - 4725*a1_0*b3*q2_0**2*q7_1 - 945*a1_0*b3*q2_0*q6_1 + 5292*a1_0*b3*q3_0*q5_1*q7_1 + 3969*a1_0*b3*q4_0*q7_1 + 1323*a1_0*b3*q5_1**2*q6_1 + 2646*a1_0*b3*q6_1**2 + 9450*a1_0*b4**2*q2_0**2*q5_1**2 + 15120*a1_0*b4**2*q2_0*q3_0*q5_1 - 10584*a1_0*b4**2*q3_0*q5_1*q6_1 + 10584*a1_0*b4**2*q3_0*q7_0 - 7938*a1_0*b4**2*q4_0*q5_1**2 + 5292*a1_0*b4**2*q5_0*q5_1 + 2646*a1_0*b4**2*q6_0 - 18522*a1_0*b4**2*q7_0**2 - 9450*a1_0*b4*q2_0**2*q5_1*q6_1 + 9450*a1_0*b4*q2_0**2*q7_0 - 15120*a1_0*b4*q2_0*q3_0*q6_1 + 26460*a1_0*b4*q2_0*q5_0*q7_1 + 3780*a1_0*b4*q2_0*q5_0 - 10584*a1_0*b4*q3_0*q5_1*q7_0 + 10584*a1_0*b4*q3_0*q6_1**2 + 7938*a1_0*b4*q4_0*q5_1*q6_1 - 7938*a1_0*b4*q4_0*q7_0 - 5292*a1_0*b4*q5_0*q5_1**2 - 5292*a1_0*b4*q5_0*q6_1 - 10584*a1_0*b4*q5_1*q6_0 - 13230*a1_0*q2_0*q6_0*q7_1 - 1890*a1_0*q2_0*q6_0 + 2646*a1_0*q5_1**2*q6_0 + 5292*a1_0*q6_0*q6_1 - 10584*a2_0*b2*q7_1 + 1232*a2_0*b2 + 2352*a2_0*b3*b4**2*q5_1 - 11760*a2_0*b3*b4*q2_0*q7_1 - 2352*a2_0*b3*b4*q5_1**2 + 8232*a2_0*b3*b4*q6_1*q7_1 - 2352*a2_0*b3*b4*q6_1 + 5880*a2_0*b3*q2_0*q5_1*q7_1 + 4704*a2_0*b3*q3_0*q7_1 + 1176*a2_0*b3*q5_1*q6_1 - 8232*a2_0*b3*q7_0*q7_1 + 8400*a2_0*b4**2*q2_0**2*q5_1 - 11760*a2_0*b4**2*q2_0*q5_1*q6_1 + 11760*a2_0*b4**2*q2_0*q7_0 - 9408*a2_0*b4**2*q3_0*q5_1**2 - 7056*a2_0*b4**2*q4_0*q5_1 + 2352*a2_0*b4**2*q5_0 - 16464*a2_0*b4**2*q6_1*q7_0 - 8400*a2_0*b4*q2_0**2*q6_1 - 11760*a2_0*b4*q2_0*q5_1*q7_0 + 11760*a2_0*b4*q2_0*q6_1**2 + 9408*a2_0*b4*q3_0*q5_1*q6_1 - 9408*a2_0*b4*q3_0*q7_0 + 7056*a2_0*b4*q4_0*q6_1 - 4704*a2_0*b4*q5_0*q5_1 - 16464*a2_0*b4*q6_0*q7_1 - 2352*a2_0*b4*q6_0 + 16464*a2_0*b4*q7_0**2 + 2352*a2_0*q5_1*q6_0 + 12348*a4_0*b3*b4*q7_1 - 6174*a4_0*b3*q5_1*q7_1 - 8820*a4_0*b4**2*q2_0*q5_1 + 12348*a4_0*b4**2*q5_1*q6_1 - 12348*a4_0*b4**2*q7_0 + 8820*a4_0*b4*q2_0*q6_1 + 12348*a4_0*b4*q5_1*q7_0 - 12348*a4_0*b4*q6_1**2 - 5145*a5_0*b3*q7_1 + 10290*a5_0*b4**2*q5_1**2 - 10290*a5_0*b4*q5_1*q6_1 + 10290*a5_0*b4*q7_0 + 8232*a6_0*b4**2*q5_1 - 8232*a6_0*b4*q6_1 + 28812*a8_0*b4*q7_1 - 14406*a9_0*q7_1 - 8820*b2*b4**2*q7_1 + 8820*b2*b4*q5_1*q7_1 + 1680*b2*b4*q5_1 + 12600*b2*q2_0*q7_1 - 1100*b2*q2_0 - 4410*b2*q5_1**2*q7_1 + 4410*b2*q6_1*q7_1 - 1260*b2*q6_1 + 4410*b3**2*b4*q7_1 + 4410*b3**2*q5_1*q7_1 - 840*b3**2*q5_1 - 8400*b3*b4**2*q2_0*q5_1 + 8820*b3*b4**2*q5_1**3 + 22050*b3*b4**2*q5_1*q6_1 - 4410*b3*b4**2*q7_0 + 10500*b3*b4*q2_0**2*q7_1 + 8400*b3*b4*q2_0*q5_1**2 - 7350*b3*b4*q2_0*q6_1*q7_1 + 8400*b3*b4*q2_0*q6_1 + 2520*b3*b4*q3_0*q5_1 - 8820*b3*b4*q4_0*q7_1 - 17640*b3*b4*q5_1**2*q6_1 - 17640*b3*b4*q6_1**2 - 5250*b3*q2_0**2*q5_1*q7_1 - 8400*b3*q2_0*q3_0*q7_1 - 4200*b3*q2_0*q5_1*q6_1 + 7350*b3*q2_0*q7_0*q7_1 - 1260*b3*q3_0*q6_1 + 4410*b3*q4_0*q5_1*q7_1 + 11760*b3*q5_0*q7_1 - 840*b3*q5_0 + 4410*b3*q5_1*q6_1**2 + 4410*b3*q6_1*q7_0 - 7500*b4**2*q2_0**3*q5_1 + 10500*b4**2*q2_0**2*q5_1*q6_1 - 10500*b4**2*q2_0**2*q7_0 + 16800*b4**2*q2_0*q3_0*q5_1**2 + 12600*b4**2*q2_0*q4_0*q5_1 - 8400*b4**2*q2_0*q5_0 + 14700*b4**2*q2_0*q6_1*q7_0 + 6720*b4**2*q3_0**2*q5_1 - 8820*b4**2*q4_0*q5_1*q6_1 + 8820*b4**2*q4_0*q7_0 + 2940*b4**2*q5_0*q5_1**2 + 17640*b4**2*q5_0*q6_1 + 5880*b4**2*q5_1*q6_0 + 7500*b4*q2_0**3*q6_1 + 10500*b4*q2_0**2*q5_1*q7_0 - 10500*b4*q2_0**2*q6_1**2 - 16800*b4*q2_0*q3_0*q5_1*q6_1 + 16800*b4*q2_0*q3_0*q7_0 - 12600*b4*q2_0*q4_0*q6_1 + 16800*b4*q2_0*q5_0*q5_1 + 14700*b4*q2_0*q6_0*q7_1 + 8400*b4*q2_0*q6_0 - 14700*b4*q2_0*q7_0**2 - 6720*b4*q3_0**2*q6_1 + 23520*b4*q3_0*q5_0*q7_1 + 5040*b4*q3_0*q5_0 - 8820*b4*q4_0*q5_1*q7_0 + 8820*b4*q4_0*q6_1**2 - 11760*b4*q5_0*q5_1*q6_1 - 23520*b4*q5_0*q7_0 - 8820*b4*q5_1**2*q6_0 - 14700*b4*q6_0*q6_1 - 8400*q2_0*q5_1*q6_0 - 11760*q3_0*q6_0*q7_1 - 2520*q3_0*q6_0 + 8820*q5_1*q6_0*q6_1 + 8820*q6_0*q7_0
0	0	[1,2]	5	62	-1323*a1_0*b3*b4*q7_1 - 5292*a1_0*b4**2*q5_1*q6_1 + 1323*a1_0*b4**2*q7_0 - 9450*a1_0*b4*q2_0**2*q7_1 - 1890*a1_0*b4*q2_0*q6_1 + 10584*a1_0*b4*q3_0*q5_1*q7_1 + 7938*a1_0*b4*q4_0*q7_1 + 2646*a1_0*b4*q5_1**2*q6_1 + 5292*a1_0*b4*q6_1**2 + 4725*a1_0*q2_0**2*q5_1*q7_1 + 7560*a1_0*q2_0*q3_0*q7_1 + 945*a1_0*q2_0*q7_0 - 5292*a1_0*q3_0*q6_1*q7_1 - 3969*a1_0*q4_0*q5_1*q7_1 - 2646*a1_0*q5_0*q7_1 - 1323*a1_0*q5_1**2*q7_0 - 2646*a1_0*q6_1*q7_0 - 4704*a2_0*b3*q7_1 + 616*a2_0*b3 - 1176*a2_0*b4**2*q6_1 + 11760*a2_0*b4*q2_0*q5_1*q7_1 + 9408*a2_0*b4*q3_0*q7_1 + 2352*a2_0*b4*q5_1*q6_1 - 24696*a2_0*b4*q7_0*q7_1 + 4200*a2_0*q2_0**2*q7_1 - 5880*a2_0*q2_0*q6_1*q7_1 - 4704*a2_0*q3_0*q5_1*q7_1 - 3528*a2_0*q4_0*q7_1 - 1176*a2_0*q5_1*q7_0 - 12348*a4_0*b4*q5_1*q7_1 - 4410*a4_0*q2_0*q7_1 + 6174*a4_0*q6_1*q7_1 - 10290*a5_0*b4*q7_1 + 5145*a5_0*q5_1*q7_1 + 4116*a6_0*q7_1 - 4410*b3*b4*q5_1*q7_1 + 4200*b3*q2_0*q7_1 - 550*b3*q2_0 - 4410*b3*q6_1*q7_1 + 420*b3*q6_1 + 4200*b4**2*q2_0*q6_1 - 4410*b4**2*q5_1**2*q6_1 + 4410*b4**2*q5_1*q7_0 - 8820*b4**2*q6_1**2 - 10500*b4*q2_0**2*q5_1*q7_1 - 16800*b4*q2_0*q3_0*q7_1 - 8400*b4*q2_0*q5_1*q6_1 + 22050*b4*q2_0*q7_0*q7_1 - 2520*b4*q3_0*q6_1 + 8820*b4*q4_0*q5_1*q7_1 + 5880*b4*q5_0*q7_1 + 8820*b4*q5_1*q6_1**2 + 8820*b4*q6_1*q7_0 - 3750*q2_0**3*q7_1 + 5250*q2_0**2*q6_1*q7_1 + 8400*q2_0*q3_0*q5_1*q7_1 + 6300*q2_0*q4_0*q7_1 + 4200*q2_0*q5_1*q7_0 + 3360*q3_0**2*q7_1 + 1260*q3_0*q7_0 - 4410*q4_0*q6_1*q7_1 - 2940*q5_0*q5_1*q7_1 - 4410*q5_1*q6_1*q7_0 - 14700*q6_0*q7_1 + 1260*q6_0 - 4410*q7_0**2
1	0	[1,1]	3	8	-1323*a1_0*b4**2*q7_1 + 2646*a1_0*b4*q5_1*q7_1 + 5292*a2_0*b4*q7_1 - 616*a2_0*b4 - 4410*b4**2*q5_1*q7_1 - 6300*b4*q2_0*q7_1 + 550*b4*q2_0 + 2205*b4*q5_1**2*q7_1 - 2205*b4*q6_1*q7_1 + 630*b4*q6_1 + 4410*q7_0*q7_1 - 420*q7_0
4	0	[0,2]	6	70	-1323*a1_0*b1*b3*b4*q7_1 - 5292*a1_0*b1*b4**2*q5_1*q6_1 + 1323*a1_0*b1*b4**2*q7_0 - 9450*a1_0*b1*b4*q2_0**2*q7_1 - 1890*a1_0*b1*b4*q2_0*q6_1 + 10584*a1_0*b1*b4*q3_0*q5_1*q7_1 + 7938*a1_0*b1*b4*q4_0*q7_1 + 2646*a1_0*b1*b4*q5_1**2*q6_1 + 5292*a1_0*b1*b4*q6_1**2 + 4725*a1_0*b1*q2_0**2*q5_1*q7_1 + 7560*a1_0*b1*q2_0*q3_0*q7_1 + 945*a1_0*b1*q2_0*q7_0 - 5292*a1_0*b1*q3_0*q6_1*q7_1 - 3969*a1_0*b1*q4_0*q5_1*q7_1 - 2646*a1_0*b1*q5_0*q7_1 - 1323*a1_0*b1*q5_1**2*q7_0 - 2646*a1_0*b1*q6_1*q7_0 + 2646*a1_0*b4**2*q7_1 - 5292*a1_0*b4*q5_1*q7_1 - 4704*a2_0*b1*b3*q7_1 + 616*a2_0*b1*b3 - 1176*a2_0*b1*b4**2*q6_1 + 11760*a2_0*b1*b4*q2_0*q5_1*q7_1 + 9408*a2_0*b1*b4*q3_0*q7_1 + 2352*a2_0*b1*b4*q5_1*q6_1 - 24696*a2_0*b1*b4*q7_0*q7_1 + 4200*a2_0*b1*q2_0**2*q7_1 - 5880*a2_0*b1*q2_0*q6_1*q7_1 - 4704*a2_0*b1*q3_0*q5_1*q7_1 - 3528*a2_0*b1*q4_0*q7_1 - 1176*a2_0*b1*q5_1*q7_0 - 10584*a2_0*b4*q7_1 + 1232*a2_0*b4 - 12348*a4_0*b1*b4*q5_1*q7_1 - 4410*a4_0*b1*q2_0*q7_1 + 6174*a4_0*b1*q6_1*q7_1 - 10290*a5_0*b1*b4*q7_1 + 5145*a5_0*b1*q5_1*q7_1 + 4116*a6_0*b1*q7_1 - 4410*b1*b3*b4*q5_1*q7_1 + 4200*b1*b3*q2_0*q7_1 - 550*b1*b3*q2_0 - 4410*b1*b3*q6_1*q7_1 + 420*b1*b3*q6_1 + 4200*b1*b4**2*q2_0*q6_1 - 4410*b1*b4**2*q5_1**2*q6_1 + 4410*b1*b4**2*q5_1*q7_0 - 8820*b1*b4**2*q6_1**2 - 10500*b1*b4*q2_0**2*q5_1*q7_1 - 16800*b1*b4*q2_0*q3_0*q7_1 - 8400*b1*b4*q2_0*q5_1*q6_1 + 22050*b1*b4*q2_0*q7_0*q7_1 - 2520*b1*b4*q3_0*q6_1 + 8820*b1*b4*q4_0*q5_1*q7_1 + 5880*b1*b4*q5_0*q7_1 + 8820*b1*b4*q5_1*q6_1**2 + 8820*b1*b4*q6_1*q7_0 - 3750*b1*q2_0**3*q7_1 + 5250*b1*q2_0**2*q6_1*q7_1 + 8400*b1*q2_0*q3_0*q5_1*q7_1 + 6300*b1*q2_0*q4_0*q7_1 + 4200*b1*q2_0*q5_1*q7_0 + 3360*b1*q3_0**2*q7_1 + 1260*b1*q3_0*q7_0 - 4410*b1*q4_0*q6_1*q7_1 - 2940*b1*q5_0*q5_1*q7_1 - 4410*b1*q5_1*q6_1*q7_0 - 14700*b1*q6_0*q7_1 + 1260*b1*q6_0 - 4410*b1*q7_0**2 + 8820*b4**2*q5_1*q7_1 + 12600*b4*q2_0*q7_1 - 1100*b4*q2_0 - 4410*b4*q5_1**2*q7_1 + 4410*b4*q6_1*q7_1 - 1260*b4*q6_1 - 8820*q7_0*q7_1 + 840*q7_0
5	0	[0,1]	6	104	2646*a1_0*b1*b4**2*q7_1 - 5292*a1_0*b1*b4*q5_1*q7_1 - 1323*a1_0*b2*b3*b4*q7_1 - 5292*a1_0*b2*b4**2*q5_1*q6_1 + 1323*a1_0*b2*b4**2*q7_0 - 9450*a1_0*b2*b4*q2_0**2*q7_1 - 1890*a1_0*b2*b4*q2_0*q6_1 + 10584*a1_0*b2*b4*q3_0*q5_1*q7_1 + 7938*a1_0*b2*b4*q4_0*q7_1 + 2646*a1_0*b2*b4*q5_1**2*q6_1 + 5292*a1_0*b2*b4*q6_1**2 + 4725*a1_0*b2*q2_0**2*q5_1*q7_1 + 7560*a1_0*b2*q2_0*q3_0*q7_1 + 945*a1_0*b2*q2_0*q7_0 - 5292*a1_0*b2*q3_0*q6_1*q7_1 - 3969*a1_0*b2*q4_0*q5_1*q7_1 - 2646*a1_0*b2*q5_0*q7_1 - 1323*a1_0*b2*q5_1**2*q7_0 - 2646*a1_0*b2*q6_1*q7_0 - 6615*a1_0*b3*q2_0*q6_0*q7_1 - 945*a1_0*b3*q2_0*q6_0 + 1323*a1_0*b3*q5_1**2*q6_0 + 2646*a1_0*b3*q6_0*q6_1 + 4725*a1_0*b4*q2_0**2*q5_1*q6_0 + 7560*a1_0*b4*q2_0*q3_0*q6_0 - 6615*a1_0*b4*q2_0*q6_0*q7_0 - 5292*a1_0*b4*q3_0*q6_0*q6_1 - 3969*a1_0*b4*q4_0*q5_1*q6_0 - 2646*a1_0*b4*q5_0*q6_0 - 10584*a2_0*b1*b4*q7_1 + 1232*a2_0*b1*b4 - 4704*a2_0*b2*b3*q7_1 + 616*a2_0*b2*b3 - 1176*a2_0*b2*b4**2*q6_1 + 11760*a2_0*b2*b4*q2_0*q5_1*q7_1 + 9408*a2_0*b2*b4*q3_0*q7_1 + 2352*a2_0*b2*b4*q5_1*q6_1 - 24696*a2_0*b2*b4*q7_0*q7_1 + 4200*a2_0*b2*q2_0**2*q7_1 - 5880*a2_0*b2*q2_0*q6_1*q7_1 - 4704*a2_0*b2*q3_0*q5_1*q7_1 - 3528*a2_0*b2*q4_0*q7_1 - 1176*a2_0*b2*q5_1*q7_0 + 1176*a2_0*b3*q5_1*q6_0 + 4200*a2_0*b4*q2_0**2*q6_0 - 5880*a2_0*b4*q2_0*q6_0*q6_1 - 4704*a2_0*b4*q3_0*q5_1*q6_0 - 3528*a2_0*b4*q4_0*q6_0 - 12348*a4_0*b2*b4*q5_1*q7_1 - 4410*a4_0*b2*q2_0*q7_1 + 6174*a4_0*b2*q6_1*q7_1 - 4410*a4_0*b4*q2_0*q6_0 + 6174*a4_0*b4*q6_0*q6_1 - 10290*a5_0*b2*b4*q7_1 + 5145*a5_0*b2*q5_1*q7_1 + 5145*a5_0*b4*q5_1*q6_0 + 4116*a6_0*b2*q7_1 + 4116*a6_0*b4*q6_0 - 7203*a9_0*b3*q7_1 - 7203*a9_0*b4*q7_0 + 8820*b1*b4**2*q5_1*q7_1 + 12600*b1*b4*q2_0*q7_1 - 1100*b1*b4*q2_0 - 4410*b1*b4*q5_1**2*q7_1 + 4410*b1*b4*q6_1*q7_1 - 1260*b1*b4*q6_1 - 8820*b1*q7_0*q7_1 + 840*b1*q7_0 - 4410*b2*b3*b4*q5_1*q7_1 + 4200*b2*b3*q2_0*q7_1 - 550*b2*b3*q2_0 - 4410*b2*b3*q6_1*q7_1 + 420*b2*b3*q6_1 + 4200*b2*b4**2*q2_0*q6_1 - 4410*b2*b4**2*q5_1**2*q6_1 + 4410*b2*b4**2*q5_1*q7_0 - 8820*b2*b4**2*q6_1**2 - 10500*b2*b4*q2_0**2*q5_1*q7_1 - 16800*b2*b4*q2_0*q3_0*q7_1 - 8400*b2*b4*q2_0*q5_1*q6_1 + 22050*b2*b4*q2_0*q7_0*q7_1 - 2520*b2*b4*q3_0*q6_1 + 8820*b2*b4*q4_0*q5_1*q7_1 + 5880*b2*b4*q5_0*q7_1 + 8820*b2*b4*q5_1*q6_1**2 + 8820*b2*b4*q6_1*q7_0 - 3750*b2*q2_0**3*q7_1 + 5250*b2*q2_0**2*q6_1*q7_1 + 8400*b2*q2_0*q3_0*q5_1*q7_1 + 6300*b2*q2_0*q4_0*q7_1 + 4200*b2*q2_0*q5_1*q7_0 + 3360*b2*q3_0**2*q7_1 + 1260*b2*q3_0*q7_0 - 4410*b2*q4_0*q6_1*q7_1 - 2940*b2*q5_0*q5_1*q7_1 - 4410*b2*q5_1*q6_1*q7_0 - 10290*b2*q6_0*q7_1 + 840*b2*q6_0 - 4410*b2*q7_0**2 - 4200*b3*q2_0*q5_1*q6_0 - 5880*b3*q3_0*q6_0*q7_1 - 1260*b3*q3_0*q6_0 + 4410*b3*q5_1*q6_0*q6_1 + 4410*b3*q6_0*q7_0 - 3750*b4*q2_0**3*q6_0 + 5250*b4*q2_0**2*q6_0*q6_1 + 8400*b4*q2_0*q3_0*q5_1*q6_0 + 6300*b4*q2_0*q4_0*q6_0 + 3360*b4*q3_0**2*q6_0 - 5880*b4*q3_0*q6_0*q7_0 - 4410*b4*q4_0*q6_0*q6_1 - 2940*b4*q5_0*q5_1*q6_0 - 1470*b4*q6_0**2 - 2100*q7_1 + 330
6	0	[0,0]	7	88	-2646*a1_0*b2*b4**2*q7_1 + 5292*a1_0*b2*b4*q5_1*q7_1 + 1323*a1_0*b3**2*b4*q7_1 + 5292*a1_0*b3*b4**2*q5_1*q6_1 - 1323*a1_0*b3*b4**2*q7_0 + 4725*a1_0*b3*b4*q2_0**2*q7_1 + 945*a1_0*b3*b4*q2_0*q6_1 - 5292*a1_0*b3*b4*q3_0*q5_1*q7_1 - 3969*a1_0*b3*b4*q4_0*q7_1 - 1323*a1_0*b3*b4*q5_1**2*q6_1 - 2646*a1_0*b3*b4*q6_1**2 + 4725*a1_0*b4**2*q2_0**2*q5_1*q6_1 - 4725*a1_0*b4**2*q2_0**2*q7_0 + 7560*a1_0*b4**2*q2_0*q3_0*q6_1 + 5292*a1_0*b4**2*q3_0*q5_1*q7_0 - 5292*a1_0*b4**2*q3_0*q6_1**2 - 3969*a1_0*b4**2*q4_0*q5_1*q6_1 + 3969*a1_0*b4**2*q4_0*q7_0 - 2646*a1_0*b4**2*q5_0*q6_1 + 5292*a1_0*b4**2*q5_1*q6_0 + 13230*a1_0*b4*q2_0*q6_0*q7_1 + 1890*a1_0*b4*q2_0*q6_0 - 2646*a1_0*b4*q5_1**2*q6_0 - 5292*a1_0*b4*q6_0*q6_1 + 10584*a2_0*b2*b4*q7_1 - 1232*a2_0*b2*b4 + 1176*a2_0*b3*b4**2*q6_1 - 5880*a2_0*b3*b4*q2_0*q5_1*q7_1 - 4704*a2_0*b3*b4*q3_0*q7_1 - 1176*a2_0*b3*b4*q5_1*q6_1 + 8232*a2_0*b3*b4*q7_0*q7_1 + 4200*a2_0*b4**2*q2_0**2*q6_1 + 5880*a2_0*b4**2*q2_0*q5_1*q7_0 - 5880*a2_0*b4**2*q2_0*q6_1**2 - 4704*a2_0*b4**2*q3_0*q5_1*q6_1 + 4704*a2_0*b4**2*q3_0*q7_0 - 3528*a2_0*b4**2*q4_0*q6_1 + 1176*a2_0*b4**2*q6_0 - 8232*a2_0*b4**2*q7_0**2 - 2352*a2_0*b4*q5_1*q6_0 + 6174*a4_0*b3*b4*q5_1*q7_1 - 4410*a4_0*b4**2*q2_0*q6_1 - 6174*a4_0*b4**2*q5_1*q7_0 + 6174*a4_0*b4**2*q6_1**2 + 5145*a5_0*b3*b4*q7_1 + 5145*a5_0*b4**2*q5_1*q6_1 - 5145*a5_0*b4**2*q7_0 + 4116*a6_0*b4**2*q6_1 + 14406*a9_0*b4*q7_1 + 2100*b1*q7_1 - 330*b1 - 8820*b2*b4**2*q5_1*q7_1 - 12600*b2*b4*q2_0*q7_1 + 1100*b2*b4*q2_0 + 4410*b2*b4*q5_1**2*q7_1 + 840*b2*b4*q6_1 + 4410*b2*q7_0*q7_1 - 420*b2*q7_0 + 4410*b3**2*b4*q5_1*q7_1 + 4410*b3**2*q6_1*q7_1 - 420*b3**2*q6_1 - 4200*b3*b4**2*q2_0*q6_1 + 4410*b3*b4**2*q5_1**2*q6_1 - 4410*b3*b4**2*q5_1*q7_0 + 8820*b3*b4**2*q6_1**2 + 5250*b3*b4*q2_0**2*q5_1*q7_1 + 8400*b3*b4*q2_0*q3_0*q7_1 + 4200*b3*b4*q2_0*q5_1*q6_1 - 7350*b3*b4*q2_0*q7_0*q7_1 + 1260*b3*b4*q3_0*q6_1 - 4410*b3*b4*q4_0*q5_1*q7_1 - 2940*b3*b4*q5_0*q7_1 - 4410*b3*b4*q5_1*q6_1**2 - 4410*b3*b4*q6_1*q7_0 + 4410*b3*q6_0*q7_1 - 420*b3*q6_0 - 3750*b4**2*q2_0**3*q6_1 - 5250*b4**2*q2_0**2*q5_1*q7_0 + 5250*b4**2*q2_0**2*q6_1**2 + 8400*b4**2*q2_0*q3_0*q5_1*q6_1 - 8400*b4**2*q2_0*q3_0*q7_0 + 6300*b4**2*q2_0*q4_0*q6_1 - 4200*b4**2*q2_0*q6_0 + 7350*b4**2*q2_0*q7_0**2 + 3360*b4**2*q3_0**2*q6_1 + 4410*b4**2*q4_0*q5_1*q7_0 - 4410*b4**2*q4_0*q6_1**2 - 2940*b4**2*q5_0*q5_1*q6_1 + 2940*b4**2*q5_0*q7_0 + 4410*b4**2*q5_1**2*q6_0 + 7350*b4**2*q6_0*q6_1 + 8400*b4*q2_0*q5_1*q6_0 + 11760*b4*q3_0*q6_0*q7_1 + 2520*b4*q3_0*q6_0 - 8820*b4*q5_1*q6_0*q6_1 - 8820*b4*q6_0*q7_0
