index	exponent_vector	monomial
1	14,0,0,0,0,0	b4^14
2	13,1,0,0,0,0	b4^13*q2_0
3	10,3,0,0,0,0	b4^10*q2_0^3
4	12,2,0,0,0,0	b4^12*q2_0^2
5	7,5,0,0,0,0	b4^7*q2_0^5
6	9,4,0,0,0,0	b4^9*q2_0^4
7	2,8,0,0,0,0	b4^2*q2_0^8
8	4,7,0,0,0,0	b4^4*q2_0^7
9	6,6,0,0,0,0	b4^6*q2_0^6
10	6,5,1,0,0,0	b4^6*q2_0^5*q3_0
11	8,4,1,0,0,0	b4^8*q2_0^4*q3_0
12	1,9,0,0,0,0	b4*q2_0^9
13	10,2,2,0,0,0	b4^10*q2_0^2*q3_0^2
14	12,1,2,0,0,0	b4^12*q2_0*q3_0^2
15	1,8,1,0,0,0	b4*q2_0^8*q3_0
16	3,7,1,0,0,0	b4^3*q2_0^7*q3_0
17	5,6,1,0,0,0	b4^5*q2_0^6*q3_0
18	0,10,0,0,0,0	q2_0^10
19	10,1,3,0,0,0	b4^10*q2_0*q3_0^3
20	12,0,3,0,0,0	b4^12*q3_0^3
21	1,7,2,0,0,0	b4*q2_0^7*q3_0^2
22	3,6,2,0,0,0	b4^3*q2_0^6*q3_0^2
23	5,5,2,0,0,0	b4^5*q2_0^5*q3_0^2
24	7,4,2,0,0,0	b4^7*q2_0^4*q3_0^2
25	9,3,2,0,0,0	b4^9*q2_0^3*q3_0^2
26	0,9,1,0,0,0	q2_0^9*q3_0
27	6,2,4,0,0,0	b4^6*q2_0^2*q3_0^4
28	8,1,4,0,0,0	b4^8*q2_0*q3_0^4
29	10,0,4,0,0,0	b4^10*q3_0^4
30	1,6,3,0,0,0	b4*q2_0^6*q3_0^3
31	3,5,3,0,0,0	b4^3*q2_0^5*q3_0^3
32	5,4,3,0,0,0	b4^5*q2_0^4*q3_0^3
33	7,3,3,0,0,0	b4^7*q2_0^3*q3_0^3
34	9,2,3,0,0,0	b4^9*q2_0^2*q3_0^3
35	0,8,2,0,0,0	q2_0^8*q3_0^2
36	3,1,6,0,0,0	b4^3*q2_0*q3_0^6
37	5,0,6,0,0,0	b4^5*q3_0^6
38	0,4,5,0,0,0	q2_0^4*q3_0^5
39	2,3,5,0,0,0	b4^2*q2_0^3*q3_0^5
40	4,2,5,0,0,0	b4^4*q2_0^2*q3_0^5
41	6,1,5,0,0,0	b4^6*q2_0*q3_0^5
42	8,0,5,0,0,0	b4^8*q3_0^5
43	1,5,4,0,0,0	b4*q2_0^5*q3_0^4
44	3,4,4,0,0,0	b4^3*q2_0^4*q3_0^4
45	5,3,4,0,0,0	b4^5*q2_0^3*q3_0^4
46	0,7,3,0,0,0	q2_0^7*q3_0^3
47	11,0,3,1,0,0	b4^11*q3_0^3*q4_0
48	0,7,2,1,0,0	q2_0^7*q3_0^2*q4_0
49	2,6,2,1,0,0	b4^2*q2_0^6*q3_0^2*q4_0
50	4,5,2,1,0,0	b4^4*q2_0^5*q3_0^2*q4_0
51	6,4,2,1,0,0	b4^6*q2_0^4*q3_0^2*q4_0
52	8,3,2,1,0,0	b4^8*q2_0^3*q3_0^2*q4_0
53	0,0,8,0,0,0	q3_0^8
54	1,1,7,0,0,0	b4*q2_0*q3_0^7
55	3,0,7,0,0,0	b4^3*q3_0^7
56	0,3,6,0,0,0	q2_0^3*q3_0^6
57	2,2,6,0,0,0	b4^2*q2_0^2*q3_0^6
58	0,6,4,0,0,0	q2_0^6*q3_0^4
59	0,0,7,1,0,0	q3_0^7*q4_0
60	1,1,6,1,0,0	b4*q2_0*q3_0^6*q4_0
61	3,0,6,1,0,0	b4^3*q3_0^6*q4_0
62	0,3,5,1,0,0	q2_0^3*q3_0^5*q4_0
63	2,2,5,1,0,0	b4^2*q2_0^2*q3_0^5*q4_0
64	4,1,5,1,0,0	b4^4*q2_0*q3_0^5*q4_0
65	6,0,5,1,0,0	b4^6*q3_0^5*q4_0
66	1,4,4,1,0,0	b4*q2_0^4*q3_0^4*q4_0
67	3,3,4,1,0,0	b4^3*q2_0^3*q3_0^4*q4_0
68	5,2,4,1,0,0	b4^5*q2_0^2*q3_0^4*q4_0
69	7,1,4,1,0,0	b4^7*q2_0*q3_0^4*q4_0
70	9,0,4,1,0,0	b4^9*q3_0^4*q4_0
71	0,6,3,1,0,0	q2_0^6*q3_0^3*q4_0
72	2,5,3,1,0,0	b4^2*q2_0^5*q3_0^3*q4_0
73	4,4,3,1,0,0	b4^4*q2_0^4*q3_0^3*q4_0
74	6,3,3,1,0,0	b4^6*q2_0^3*q3_0^3*q4_0
75	8,2,3,1,0,0	b4^8*q2_0^2*q3_0^3*q4_0
76	0,2,7,0,0,0	q2_0^2*q3_0^7
77	1,4,3,2,0,0	b4*q2_0^4*q3_0^3*q4_0^2
78	3,3,3,2,0,0	b4^3*q2_0^3*q3_0^3*q4_0^2
79	5,2,3,2,0,0	b4^5*q2_0^2*q3_0^3*q4_0^2
80	7,1,3,2,0,0	b4^7*q2_0*q3_0^3*q4_0^2
81	9,0,3,2,0,0	b4^9*q3_0^3*q4_0^2
82	0,6,2,2,0,0	q2_0^6*q3_0^2*q4_0^2
83	2,5,2,2,0,0	b4^2*q2_0^5*q3_0^2*q4_0^2
84	4,4,2,2,0,0	b4^4*q2_0^4*q3_0^2*q4_0^2
85	6,3,2,2,0,0	b4^6*q2_0^3*q3_0^2*q4_0^2
86	8,2,2,2,0,0	b4^8*q2_0^2*q3_0^2*q4_0^2
87	10,1,2,2,0,0	b4^10*q2_0*q3_0^2*q4_0^2
88	12,0,2,2,0,0	b4^12*q3_0^2*q4_0^2
89	1,7,1,2,0,0	b4*q2_0^7*q3_0*q4_0^2
90	3,6,1,2,0,0	b4^3*q2_0^6*q3_0*q4_0^2
91	5,5,1,2,0,0	b4^5*q2_0^5*q3_0*q4_0^2
92	7,4,1,2,0,0	b4^7*q2_0^4*q3_0*q4_0^2
93	9,3,1,2,0,0	b4^9*q2_0^3*q3_0*q4_0^2
94	11,2,1,2,0,0	b4^11*q2_0^2*q3_0*q4_0^2
95	0,9,0,2,0,0	q2_0^9*q4_0^2
96	0,2,6,1,0,0	q2_0^2*q3_0^6*q4_0
97	0,5,4,1,0,0	q2_0^5*q3_0^4*q4_0
98	3,3,2,3,0,0	b4^3*q2_0^3*q3_0^2*q4_0^3
99	5,2,2,3,0,0	b4^5*q2_0^2*q3_0^2*q4_0^3
100	7,1,2,3,0,0	b4^7*q2_0*q3_0^2*q4_0^3
101	9,0,2,3,0,0	b4^9*q3_0^2*q4_0^3
102	0,6,1,3,0,0	q2_0^6*q3_0*q4_0^3
103	2,5,1,3,0,0	b4^2*q2_0^5*q3_0*q4_0^3
104	4,4,1,3,0,0	b4^4*q2_0^4*q3_0*q4_0^3
105	6,3,1,3,0,0	b4^6*q2_0^3*q3_0*q4_0^3
106	8,2,1,3,0,0	b4^8*q2_0^2*q3_0*q4_0^3
107	10,1,1,3,0,0	b4^10*q2_0*q3_0*q4_0^3
108	12,0,1,3,0,0	b4^12*q3_0*q4_0^3
109	1,7,0,3,0,0	b4*q2_0^7*q4_0^3
110	3,6,0,3,0,0	b4^3*q2_0^6*q4_0^3
111	5,5,0,3,0,0	b4^5*q2_0^5*q4_0^3
112	7,4,0,3,0,0	b4^7*q2_0^4*q4_0^3
113	9,3,0,3,0,0	b4^9*q2_0^3*q4_0^3
114	11,2,0,3,0,0	b4^11*q2_0^2*q4_0^3
115	1,0,6,2,0,0	b4*q3_0^6*q4_0^2
116	0,2,5,2,0,0	q2_0^2*q3_0^5*q4_0^2
117	2,1,5,2,0,0	b4^2*q2_0*q3_0^5*q4_0^2
118	4,0,5,2,0,0	b4^4*q3_0^5*q4_0^2
119	1,3,4,2,0,0	b4*q2_0^3*q3_0^4*q4_0^2
120	3,2,4,2,0,0	b4^3*q2_0^2*q3_0^4*q4_0^2
121	5,1,4,2,0,0	b4^5*q2_0*q3_0^4*q4_0^2
122	7,0,4,2,0,0	b4^7*q3_0^4*q4_0^2
123	0,5,3,2,0,0	q2_0^5*q3_0^3*q4_0^2
124	0,8,1,2,0,0	q2_0^8*q3_0*q4_0^2
125	0,0,4,4,0,0	q3_0^4*q4_0^4
126	1,1,3,4,0,0	b4*q2_0*q3_0^3*q4_0^4
127	3,0,3,4,0,0	b4^3*q3_0^3*q4_0^4
128	0,3,2,4,0,0	q2_0^3*q3_0^2*q4_0^4
129	2,2,2,4,0,0	b4^2*q2_0^2*q3_0^2*q4_0^4
130	4,1,2,4,0,0	b4^4*q2_0*q3_0^2*q4_0^4
131	6,0,2,4,0,0	b4^6*q3_0^2*q4_0^4
132	1,4,1,4,0,0	b4*q2_0^4*q3_0*q4_0^4
133	3,3,1,4,0,0	b4^3*q2_0^3*q3_0*q4_0^4
134	5,2,1,4,0,0	b4^5*q2_0^2*q3_0*q4_0^4
135	7,1,1,4,0,0	b4^7*q2_0*q3_0*q4_0^4
136	9,0,1,4,0,0	b4^9*q3_0*q4_0^4
137	0,6,0,4,0,0	q2_0^6*q4_0^4
138	2,5,0,4,0,0	b4^2*q2_0^5*q4_0^4
139	4,4,0,4,0,0	b4^4*q2_0^4*q4_0^4
140	6,3,0,4,0,0	b4^6*q2_0^3*q4_0^4
141	8,2,0,4,0,0	b4^8*q2_0^2*q4_0^4
142	10,1,0,4,0,0	b4^10*q2_0*q4_0^4
143	12,0,0,4,0,0	b4^12*q4_0^4
144	1,0,5,3,0,0	b4*q3_0^5*q4_0^3
145	0,2,4,3,0,0	q2_0^2*q3_0^4*q4_0^3
146	2,1,4,3,0,0	b4^2*q2_0*q3_0^4*q4_0^3
147	4,0,4,3,0,0	b4^4*q3_0^4*q4_0^3
148	1,3,3,3,0,0	b4*q2_0^3*q3_0^3*q4_0^3
149	3,2,3,3,0,0	b4^3*q2_0^2*q3_0^3*q4_0^3
150	5,1,3,3,0,0	b4^5*q2_0*q3_0^3*q4_0^3
151	7,0,3,3,0,0	b4^7*q3_0^3*q4_0^3
152	0,5,2,3,0,0	q2_0^5*q3_0^2*q4_0^3
153	2,4,2,3,0,0	b4^2*q2_0^4*q3_0^2*q4_0^3
154	0,8,0,3,0,0	q2_0^8*q4_0^3
155	0,1,6,2,0,0	q2_0*q3_0^6*q4_0^2
156	0,4,4,2,0,0	q2_0^4*q3_0^4*q4_0^2
157	3,1,5,1,1,0	b4^3*q2_0*q3_0^5*q4_0*q5_0
158	5,0,5,1,1,0	b4^5*q3_0^5*q4_0*q5_0
159	0,4,4,1,1,0	q2_0^4*q3_0^4*q4_0*q5_0
160	2,3,4,1,1,0	b4^2*q2_0^3*q3_0^4*q4_0*q5_0
161	4,2,4,1,1,0	b4^4*q2_0^2*q3_0^4*q4_0*q5_0
162	6,1,4,1,1,0	b4^6*q2_0*q3_0^4*q4_0*q5_0
163	8,0,4,1,1,0	b4^8*q3_0^4*q4_0*q5_0
164	1,5,3,1,1,0	b4*q2_0^5*q3_0^3*q4_0*q5_0
165	3,4,3,1,1,0	b4^3*q2_0^4*q3_0^3*q4_0*q5_0
166	5,3,3,1,1,0	b4^5*q2_0^3*q3_0^3*q4_0*q5_0
167	7,2,3,1,1,0	b4^7*q2_0^2*q3_0^3*q4_0*q5_0
168	9,1,3,1,1,0	b4^9*q2_0*q3_0^3*q4_0*q5_0
169	1,0,0,7,0,0	b4*q4_0^7
170	0,1,1,6,0,0	q2_0*q3_0*q4_0^6
171	2,0,1,6,0,0	b4^2*q3_0*q4_0^6
172	1,2,0,6,0,0	b4*q2_0^2*q4_0^6
173	3,1,0,6,0,0	b4^3*q2_0*q4_0^6
174	5,0,0,6,0,0	b4^5*q4_0^6
175	0,0,3,5,0,0	q3_0^3*q4_0^5
176	1,1,2,5,0,0	b4*q2_0*q3_0^2*q4_0^5
177	3,0,2,5,0,0	b4^3*q3_0^2*q4_0^5
178	0,3,1,5,0,0	q2_0^3*q3_0*q4_0^5
179	2,2,1,5,0,0	b4^2*q2_0^2*q3_0*q4_0^5
180	4,1,1,5,0,0	b4^4*q2_0*q3_0*q4_0^5
181	6,0,1,5,0,0	b4^6*q3_0*q4_0^5
182	1,4,0,5,0,0	b4*q2_0^4*q4_0^5
183	3,3,0,5,0,0	b4^3*q2_0^3*q4_0^5
184	5,2,0,5,0,0	b4^5*q2_0^2*q4_0^5
185	7,1,0,5,0,0	b4^7*q2_0*q4_0^5
186	9,0,0,5,0,0	b4^9*q4_0^5
187	0,2,3,4,0,0	q2_0^2*q3_0^3*q4_0^4
188	0,5,1,4,0,0	q2_0^5*q3_0*q4_0^4
189	0,1,5,3,0,0	q2_0*q3_0^5*q4_0^3
190	0,4,3,3,0,0	q2_0^4*q3_0^3*q4_0^3
191	3,2,2,3,1,0	b4^3*q2_0^2*q3_0^2*q4_0^3*q5_0
192	5,1,2,3,1,0	b4^5*q2_0*q3_0^2*q4_0^3*q5_0
193	7,0,2,3,1,0	b4^7*q3_0^2*q4_0^3*q5_0
194	0,5,1,3,1,0	q2_0^5*q3_0*q4_0^3*q5_0
195	2,4,1,3,1,0	b4^2*q2_0^4*q3_0*q4_0^3*q5_0
196	4,3,1,3,1,0	b4^4*q2_0^3*q3_0*q4_0^3*q5_0
197	6,2,1,3,1,0	b4^6*q2_0^2*q3_0*q4_0^3*q5_0
198	8,1,1,3,1,0	b4^8*q2_0*q3_0*q4_0^3*q5_0
199	10,0,1,3,1,0	b4^10*q3_0*q4_0^3*q5_0
200	1,6,0,3,1,0	b4*q2_0^6*q4_0^3*q5_0
201	3,5,0,3,1,0	b4^3*q2_0^5*q4_0^3*q5_0
202	5,4,0,3,1,0	b4^5*q2_0^4*q4_0^3*q5_0
203	7,3,0,3,1,0	b4^7*q2_0^3*q4_0^3*q5_0
204	9,2,0,3,1,0	b4^9*q2_0^2*q4_0^3*q5_0
205	11,1,0,3,1,0	b4^11*q2_0*q4_0^3*q5_0
206	13,0,0,3,1,0	b4^13*q4_0^3*q5_0
207	0,1,5,2,1,0	q2_0*q3_0^5*q4_0^2*q5_0
208	2,0,5,2,1,0	b4^2*q3_0^5*q4_0^2*q5_0
209	1,2,4,2,1,0	b4*q2_0^2*q3_0^4*q4_0^2*q5_0
210	3,1,4,2,1,0	b4^3*q2_0*q3_0^4*q4_0^2*q5_0
211	5,0,4,2,1,0	b4^5*q3_0^4*q4_0^2*q5_0
212	0,4,3,2,1,0	q2_0^4*q3_0^3*q4_0^2*q5_0
213	2,3,3,2,1,0	b4^2*q2_0^3*q3_0^3*q4_0^2*q5_0
214	4,2,3,2,1,0	b4^4*q2_0^2*q3_0^3*q4_0^2*q5_0
215	6,1,3,2,1,0	b4^6*q2_0*q3_0^3*q4_0^2*q5_0
216	8,0,3,2,1,0	b4^8*q3_0^3*q4_0^2*q5_0
217	1,5,2,2,1,0	b4*q2_0^5*q3_0^2*q4_0^2*q5_0
218	3,4,2,2,1,0	b4^3*q2_0^4*q3_0^2*q4_0^2*q5_0
219	5,3,2,2,1,0	b4^5*q2_0^3*q3_0^2*q4_0^2*q5_0
220	7,2,2,2,1,0	b4^7*q2_0^2*q3_0^2*q4_0^2*q5_0
221	9,1,2,2,1,0	b4^9*q2_0*q3_0^2*q4_0^2*q5_0
222	11,0,2,2,1,0	b4^11*q3_0^2*q4_0^2*q5_0
223	0,7,1,2,1,0	q2_0^7*q3_0*q4_0^2*q5_0
224	2,6,1,2,1,0	b4^2*q2_0^6*q3_0*q4_0^2*q5_0
225	4,5,1,2,1,0	b4^4*q2_0^5*q3_0*q4_0^2*q5_0
226	6,4,1,2,1,0	b4^6*q2_0^4*q3_0*q4_0^2*q5_0
227	8,3,1,2,1,0	b4^8*q2_0^3*q3_0*q4_0^2*q5_0
228	10,2,1,2,1,0	b4^10*q2_0^2*q3_0*q4_0^2*q5_0
229	12,1,1,2,1,0	b4^12*q2_0*q3_0*q4_0^2*q5_0
230	1,8,0,2,1,0	b4*q2_0^8*q4_0^2*q5_0
231	3,7,0,2,1,0	b4^3*q2_0^7*q4_0^2*q5_0
232	5,6,0,2,1,0	b4^5*q2_0^6*q4_0^2*q5_0
233	0,1,0,7,0,0	q2_0*q4_0^7
234	0,0,2,6,0,0	q3_0^2*q4_0^6
235	0,3,0,6,0,0	q2_0^3*q4_0^6
236	0,2,2,5,0,0	q2_0^2*q3_0^2*q4_0^5
237	0,5,0,5,0,0	q2_0^5*q4_0^5
238	0,0,6,3,0,0	q3_0^6*q4_0^3
239	4,5,1,1,2,0	b4^4*q2_0^5*q3_0*q4_0*q5_0^2
240	6,4,1,1,2,0	b4^6*q2_0^4*q3_0*q4_0*q5_0^2
241	8,3,1,1,2,0	b4^8*q2_0^3*q3_0*q4_0*q5_0^2
242	10,2,1,1,2,0	b4^10*q2_0^2*q3_0*q4_0*q5_0^2
243	12,1,1,1,2,0	b4^12*q2_0*q3_0*q4_0*q5_0^2
244	1,8,0,1,2,0	b4*q2_0^8*q4_0*q5_0^2
245	3,7,0,1,2,0	b4^3*q2_0^7*q4_0*q5_0^2
246	5,6,0,1,2,0	b4^5*q2_0^6*q4_0*q5_0^2
247	0,0,7,0,2,0	q3_0^7*q5_0^2
248	1,1,6,0,2,0	b4*q2_0*q3_0^6*q5_0^2
249	3,0,6,0,2,0	b4^3*q3_0^6*q5_0^2
250	0,3,5,0,2,0	q2_0^3*q3_0^5*q5_0^2
251	2,2,5,0,2,0	b4^2*q2_0^2*q3_0^5*q5_0^2
252	4,1,5,0,2,0	b4^4*q2_0*q3_0^5*q5_0^2
253	6,0,5,0,2,0	b4^6*q3_0^5*q5_0^2
254	1,4,4,0,2,0	b4*q2_0^4*q3_0^4*q5_0^2
255	3,3,4,0,2,0	b4^3*q2_0^3*q3_0^4*q5_0^2
256	5,2,4,0,2,0	b4^5*q2_0^2*q3_0^4*q5_0^2
257	7,1,4,0,2,0	b4^7*q2_0*q3_0^4*q5_0^2
258	9,0,4,0,2,0	b4^9*q3_0^4*q5_0^2
259	0,6,3,0,2,0	q2_0^6*q3_0^3*q5_0^2
260	2,5,3,0,2,0	b4^2*q2_0^5*q3_0^3*q5_0^2
261	4,4,3,0,2,0	b4^4*q2_0^4*q3_0^3*q5_0^2
262	6,3,3,0,2,0	b4^6*q2_0^3*q3_0^3*q5_0^2
263	8,2,3,0,2,0	b4^8*q2_0^2*q3_0^3*q5_0^2
264	0,1,0,6,1,0	q2_0*q4_0^6*q5_0
265	2,0,0,6,1,0	b4^2*q4_0^6*q5_0
266	0,0,2,5,1,0	q3_0^2*q4_0^5*q5_0
267	1,1,1,5,1,0	b4*q2_0*q3_0*q4_0^5*q5_0
268	3,0,1,5,1,0	b4^3*q3_0*q4_0^5*q5_0
269	0,3,0,5,1,0	q2_0^3*q4_0^5*q5_0
270	2,2,0,5,1,0	b4^2*q2_0^2*q4_0^5*q5_0
271	4,1,0,5,1,0	b4^4*q2_0*q4_0^5*q5_0
272	6,0,0,5,1,0	b4^6*q4_0^5*q5_0
273	1,0,3,4,1,0	b4*q3_0^3*q4_0^4*q5_0
274	0,2,2,4,1,0	q2_0^2*q3_0^2*q4_0^4*q5_0
275	2,1,2,4,1,0	b4^2*q2_0*q3_0^2*q4_0^4*q5_0
276	4,0,2,4,1,0	b4^4*q3_0^2*q4_0^4*q5_0
277	1,3,1,4,1,0	b4*q2_0^3*q3_0*q4_0^4*q5_0
278	3,2,1,4,1,0	b4^3*q2_0^2*q3_0*q4_0^4*q5_0
279	5,1,1,4,1,0	b4^5*q2_0*q3_0*q4_0^4*q5_0
280	7,0,1,4,1,0	b4^7*q3_0*q4_0^4*q5_0
281	0,5,0,4,1,0	q2_0^5*q4_0^4*q5_0
282	2,4,0,4,1,0	b4^2*q2_0^4*q4_0^4*q5_0
283	4,3,0,4,1,0	b4^4*q2_0^3*q4_0^4*q5_0
284	6,2,0,4,1,0	b4^6*q2_0^2*q4_0^4*q5_0
285	8,1,0,4,1,0	b4^8*q2_0*q4_0^4*q5_0
286	10,0,0,4,1,0	b4^10*q4_0^4*q5_0
287	0,1,4,3,1,0	q2_0*q3_0^4*q4_0^3*q5_0
288	2,0,4,3,1,0	b4^2*q3_0^4*q4_0^3*q5_0
289	1,2,3,3,1,0	b4*q2_0^2*q3_0^3*q4_0^3*q5_0
290	3,1,3,3,1,0	b4^3*q2_0*q3_0^3*q4_0^3*q5_0
291	5,0,3,3,1,0	b4^5*q3_0^3*q4_0^3*q5_0
292	0,4,2,3,1,0	q2_0^4*q3_0^2*q4_0^3*q5_0
293	2,3,2,3,1,0	b4^2*q2_0^3*q3_0^2*q4_0^3*q5_0
294	0,7,0,3,1,0	q2_0^7*q4_0^3*q5_0
295	0,0,6,2,1,0	q3_0^6*q4_0^2*q5_0
296	0,3,4,2,1,0	q2_0^3*q3_0^4*q4_0^2*q5_0
297	0,0,1,7,0,0	q3_0*q4_0^7
298	2,0,0,5,2,0	b4^2*q4_0^5*q5_0^2
299	0,0,2,4,2,0	q3_0^2*q4_0^4*q5_0^2
300	1,1,1,4,2,0	b4*q2_0*q3_0*q4_0^4*q5_0^2
301	3,0,1,4,2,0	b4^3*q3_0*q4_0^4*q5_0^2
302	0,3,0,4,2,0	q2_0^3*q4_0^4*q5_0^2
303	2,2,0,4,2,0	b4^2*q2_0^2*q4_0^4*q5_0^2
304	4,1,0,4,2,0	b4^4*q2_0*q4_0^4*q5_0^2
305	6,0,0,4,2,0	b4^6*q4_0^4*q5_0^2
306	1,0,3,3,2,0	b4*q3_0^3*q4_0^3*q5_0^2
307	0,2,2,3,2,0	q2_0^2*q3_0^2*q4_0^3*q5_0^2
308	2,1,2,3,2,0	b4^2*q2_0*q3_0^2*q4_0^3*q5_0^2
309	4,0,2,3,2,0	b4^4*q3_0^2*q4_0^3*q5_0^2
310	1,3,1,3,2,0	b4*q2_0^3*q3_0*q4_0^3*q5_0^2
311	3,2,1,3,2,0	b4^3*q2_0^2*q3_0*q4_0^3*q5_0^2
312	5,1,1,3,2,0	b4^5*q2_0*q3_0*q4_0^3*q5_0^2
313	7,0,1,3,2,0	b4^7*q3_0*q4_0^3*q5_0^2
314	0,5,0,3,2,0	q2_0^5*q4_0^3*q5_0^2
315	2,4,0,3,2,0	b4^2*q2_0^4*q4_0^3*q5_0^2
316	4,3,0,3,2,0	b4^4*q2_0^3*q4_0^3*q5_0^2
317	6,2,0,3,2,0	b4^6*q2_0^2*q4_0^3*q5_0^2
318	8,1,0,3,2,0	b4^8*q2_0*q4_0^3*q5_0^2
319	10,0,0,3,2,0	b4^10*q4_0^3*q5_0^2
320	0,1,4,2,2,0	q2_0*q3_0^4*q4_0^2*q5_0^2
321	2,0,4,2,2,0	b4^2*q3_0^4*q4_0^2*q5_0^2
322	1,2,3,2,2,0	b4*q2_0^2*q3_0^3*q4_0^2*q5_0^2
323	3,1,3,2,2,0	b4^3*q2_0*q3_0^3*q4_0^2*q5_0^2
324	5,0,3,2,2,0	b4^5*q3_0^3*q4_0^2*q5_0^2
325	0,4,2,2,2,0	q2_0^4*q3_0^2*q4_0^2*q5_0^2
326	2,3,2,2,2,0	b4^2*q2_0^3*q3_0^2*q4_0^2*q5_0^2
327	4,2,2,2,2,0	b4^4*q2_0^2*q3_0^2*q4_0^2*q5_0^2
328	6,1,2,2,2,0	b4^6*q2_0*q3_0^2*q4_0^2*q5_0^2
329	8,0,2,2,2,0	b4^8*q3_0^2*q4_0^2*q5_0^2
330	1,5,1,2,2,0	b4*q2_0^5*q3_0*q4_0^2*q5_0^2
331	3,4,1,2,2,0	b4^3*q2_0^4*q3_0*q4_0^2*q5_0^2
332	5,3,1,2,2,0	b4^5*q2_0^3*q3_0*q4_0^2*q5_0^2
333	7,2,1,2,2,0	b4^7*q2_0^2*q3_0*q4_0^2*q5_0^2
334	9,1,1,2,2,0	b4^9*q2_0*q3_0*q4_0^2*q5_0^2
335	11,0,1,2,2,0	b4^11*q3_0*q4_0^2*q5_0^2
336	0,7,0,2,2,0	q2_0^7*q4_0^2*q5_0^2
337	2,6,0,2,2,0	b4^2*q2_0^6*q4_0^2*q5_0^2
338	4,5,0,2,2,0	b4^4*q2_0^5*q4_0^2*q5_0^2
339	6,4,0,2,2,0	b4^6*q2_0^4*q4_0^2*q5_0^2
340	8,3,0,2,2,0	b4^8*q2_0^3*q4_0^2*q5_0^2
341	10,2,0,2,2,0	b4^10*q2_0^2*q4_0^2*q5_0^2
342	12,1,0,2,2,0	b4^12*q2_0*q4_0^2*q5_0^2
343	0,0,6,1,2,0	q3_0^6*q4_0*q5_0^2
344	1,1,5,1,2,0	b4*q2_0*q3_0^5*q4_0*q5_0^2
345	3,0,5,1,2,0	b4^3*q3_0^5*q4_0*q5_0^2
346	0,3,4,1,2,0	q2_0^3*q3_0^4*q4_0*q5_0^2
347	2,2,4,1,2,0	b4^2*q2_0^2*q3_0^4*q4_0*q5_0^2
348	4,1,4,1,2,0	b4^4*q2_0*q3_0^4*q4_0*q5_0^2
349	6,0,4,1,2,0	b4^6*q3_0^4*q4_0*q5_0^2
350	1,4,3,1,2,0	b4*q2_0^4*q3_0^3*q4_0*q5_0^2
351	3,3,3,1,2,0	b4^3*q2_0^3*q3_0^3*q4_0*q5_0^2
352	5,2,3,1,2,0	b4^5*q2_0^2*q3_0^3*q4_0*q5_0^2
353	7,1,3,1,2,0	b4^7*q2_0*q3_0^3*q4_0*q5_0^2
354	9,0,3,1,2,0	b4^9*q3_0^3*q4_0*q5_0^2
355	0,6,2,1,2,0	q2_0^6*q3_0^2*q4_0*q5_0^2
356	2,5,2,1,2,0	b4^2*q2_0^5*q3_0^2*q4_0*q5_0^2
357	4,4,2,1,2,0	b4^4*q2_0^4*q3_0^2*q4_0*q5_0^2
358	6,3,2,1,2,0	b4^6*q2_0^3*q3_0^2*q4_0*q5_0^2
359	8,2,2,1,2,0	b4^8*q2_0^2*q3_0^2*q4_0*q5_0^2
360	10,1,2,1,2,0	b4^10*q2_0*q3_0^2*q4_0*q5_0^2
361	12,0,2,1,2,0	b4^12*q3_0^2*q4_0*q5_0^2
362	1,7,1,1,2,0	b4*q2_0^7*q3_0*q4_0*q5_0^2
363	3,6,1,1,2,0	b4^3*q2_0^6*q3_0*q4_0*q5_0^2
364	0,9,0,1,2,0	q2_0^9*q4_0*q5_0^2
365	0,2,6,0,2,0	q2_0^2*q3_0^6*q5_0^2
366	0,5,4,0,2,0	q2_0^5*q3_0^4*q5_0^2
367	0,0,1,6,1,0	q3_0*q4_0^6*q5_0
368	0,2,1,5,1,0	q2_0^2*q3_0*q4_0^5*q5_0
369	0,1,3,4,1,0	q2_0*q3_0^3*q4_0^4*q5_0
370	0,4,1,4,1,0	q2_0^4*q3_0*q4_0^4*q5_0
371	0,0,5,3,1,0	q3_0^5*q4_0^3*q5_0
372	0,3,3,3,1,0	q2_0^3*q3_0^3*q4_0^3*q5_0
373	0,0,0,8,0,0	q4_0^8
374	0,3,0,3,3,0	q2_0^3*q4_0^3*q5_0^3
375	2,2,0,3,3,0	b4^2*q2_0^2*q4_0^3*q5_0^3
376	4,1,0,3,3,0	b4^4*q2_0*q4_0^3*q5_0^3
377	6,0,0,3,3,0	b4^6*q4_0^3*q5_0^3
378	1,0,3,2,3,0	b4*q3_0^3*q4_0^2*q5_0^3
379	0,2,2,2,3,0	q2_0^2*q3_0^2*q4_0^2*q5_0^3
380	2,1,2,2,3,0	b4^2*q2_0*q3_0^2*q4_0^2*q5_0^3
381	4,0,2,2,3,0	b4^4*q3_0^2*q4_0^2*q5_0^3
382	1,3,1,2,3,0	b4*q2_0^3*q3_0*q4_0^2*q5_0^3
383	3,2,1,2,3,0	b4^3*q2_0^2*q3_0*q4_0^2*q5_0^3
384	5,1,1,2,3,0	b4^5*q2_0*q3_0*q4_0^2*q5_0^3
385	7,0,1,2,3,0	b4^7*q3_0*q4_0^2*q5_0^3
386	0,5,0,2,3,0	q2_0^5*q4_0^2*q5_0^3
387	2,4,0,2,3,0	b4^2*q2_0^4*q4_0^2*q5_0^3
388	4,3,0,2,3,0	b4^4*q2_0^3*q4_0^2*q5_0^3
389	6,2,0,2,3,0	b4^6*q2_0^2*q4_0^2*q5_0^3
390	8,1,0,2,3,0	b4^8*q2_0*q4_0^2*q5_0^3
391	10,0,0,2,3,0	b4^10*q4_0^2*q5_0^3
392	0,1,4,1,3,0	q2_0*q3_0^4*q4_0*q5_0^3
393	2,0,4,1,3,0	b4^2*q3_0^4*q4_0*q5_0^3
394	1,2,3,1,3,0	b4*q2_0^2*q3_0^3*q4_0*q5_0^3
395	3,1,3,1,3,0	b4^3*q2_0*q3_0^3*q4_0*q5_0^3
396	5,0,3,1,3,0	b4^5*q3_0^3*q4_0*q5_0^3
397	0,4,2,1,3,0	q2_0^4*q3_0^2*q4_0*q5_0^3
398	2,3,2,1,3,0	b4^2*q2_0^3*q3_0^2*q4_0*q5_0^3
399	4,2,2,1,3,0	b4^4*q2_0^2*q3_0^2*q4_0*q5_0^3
400	6,1,2,1,3,0	b4^6*q2_0*q3_0^2*q4_0*q5_0^3
401	8,0,2,1,3,0	b4^8*q3_0^2*q4_0*q5_0^3
402	1,5,1,1,3,0	b4*q2_0^5*q3_0*q4_0*q5_0^3
403	3,4,1,1,3,0	b4^3*q2_0^4*q3_0*q4_0*q5_0^3
404	5,3,1,1,3,0	b4^5*q2_0^3*q3_0*q4_0*q5_0^3
405	7,2,1,1,3,0	b4^7*q2_0^2*q3_0*q4_0*q5_0^3
406	9,1,1,1,3,0	b4^9*q2_0*q3_0*q4_0*q5_0^3
407	11,0,1,1,3,0	b4^11*q3_0*q4_0*q5_0^3
408	0,7,0,1,3,0	q2_0^7*q4_0*q5_0^3
409	2,6,0,1,3,0	b4^2*q2_0^6*q4_0*q5_0^3
410	4,5,0,1,3,0	b4^4*q2_0^5*q4_0*q5_0^3
411	6,4,0,1,3,0	b4^6*q2_0^4*q4_0*q5_0^3
412	8,3,0,1,3,0	b4^8*q2_0^3*q4_0*q5_0^3
413	10,2,0,1,3,0	b4^10*q2_0^2*q4_0*q5_0^3
414	12,1,0,1,3,0	b4^12*q2_0*q4_0*q5_0^3
415	0,0,6,0,3,0	q3_0^6*q5_0^3
416	1,1,5,0,3,0	b4*q2_0*q3_0^5*q5_0^3
417	3,0,5,0,3,0	b4^3*q3_0^5*q5_0^3
418	0,3,4,0,3,0	q2_0^3*q3_0^4*q5_0^3
419	2,2,4,0,3,0	b4^2*q2_0^2*q3_0^4*q5_0^3
420	4,1,4,0,3,0	b4^4*q2_0*q3_0^4*q5_0^3
421	6,0,4,0,3,0	b4^6*q3_0^4*q5_0^3
422	1,4,3,0,3,0	b4*q2_0^4*q3_0^3*q5_0^3
423	3,3,3,0,3,0	b4^3*q2_0^3*q3_0^3*q5_0^3
424	5,2,3,0,3,0	b4^5*q2_0^2*q3_0^3*q5_0^3
425	7,1,3,0,3,0	b4^7*q2_0*q3_0^3*q5_0^3
426	9,0,3,0,3,0	b4^9*q3_0^3*q5_0^3
427	0,6,2,0,3,0	q2_0^6*q3_0^2*q5_0^3
428	2,5,2,0,3,0	b4^2*q2_0^5*q3_0^2*q5_0^3
429	4,4,2,0,3,0	b4^4*q2_0^4*q3_0^2*q5_0^3
430	6,3,2,0,3,0	b4^6*q2_0^3*q3_0^2*q5_0^3
431	8,2,2,0,3,0	b4^8*q2_0^2*q3_0^2*q5_0^3
432	10,1,2,0,3,0	b4^10*q2_0*q3_0^2*q5_0^3
433	12,0,2,0,3,0	b4^12*q3_0^2*q5_0^3
434	1,7,1,0,3,0	b4*q2_0^7*q3_0*q5_0^3
435	3,6,1,0,3,0	b4^3*q2_0^6*q3_0*q5_0^3
436	5,5,1,0,3,0	b4^5*q2_0^5*q3_0*q5_0^3
437	7,4,1,0,3,0	b4^7*q2_0^4*q3_0*q5_0^3
438	9,3,1,0,3,0	b4^9*q2_0^3*q3_0*q5_0^3
439	11,2,1,0,3,0	b4^11*q2_0^2*q3_0*q5_0^3
440	0,9,0,0,3,0	q2_0^9*q5_0^3
441	0,0,1,5,2,0	q3_0*q4_0^5*q5_0^2
442	1,1,0,5,2,0	b4*q2_0*q4_0^5*q5_0^2
443	0,2,1,4,2,0	q2_0^2*q3_0*q4_0^4*q5_0^2
444	0,1,3,3,2,0	q2_0*q3_0^3*q4_0^3*q5_0^2
445	0,4,1,3,2,0	q2_0^4*q3_0*q4_0^3*q5_0^2
446	0,0,5,2,2,0	q3_0^5*q4_0^2*q5_0^2
447	0,3,3,2,2,0	q2_0^3*q3_0^3*q4_0^2*q5_0^2
448	0,6,1,2,2,0	q2_0^6*q3_0*q4_0^2*q5_0^2
449	0,2,5,1,2,0	q2_0^2*q3_0^5*q4_0*q5_0^2
450	0,5,3,1,2,0	q2_0^5*q3_0^3*q4_0*q5_0^2
451	0,8,1,1,2,0	q2_0^8*q3_0*q4_0*q5_0^2
452	0,0,0,7,1,0	q4_0^7*q5_0
453	0,0,0,1,6,0	q4_0*q5_0^6
454	1,0,1,0,6,0	b4*q3_0*q5_0^6
455	0,2,0,0,6,0	q2_0^2*q5_0^6
456	2,1,0,0,6,0	b4^2*q2_0*q5_0^6
457	4,0,0,0,6,0	b4^4*q5_0^6
458	1,0,0,2,5,0	b4*q4_0^2*q5_0^5
459	0,1,1,1,5,0	q2_0*q3_0*q4_0*q5_0^5
460	2,0,1,1,5,0	b4^2*q3_0*q4_0*q5_0^5
461	1,2,0,1,5,0	b4*q2_0^2*q4_0*q5_0^5
462	3,1,0,1,5,0	b4^3*q2_0*q4_0*q5_0^5
463	5,0,0,1,5,0	b4^5*q4_0*q5_0^5
464	0,0,3,0,5,0	q3_0^3*q5_0^5
465	1,1,2,0,5,0	b4*q2_0*q3_0^2*q5_0^5
466	3,0,2,0,5,0	b4^3*q3_0^2*q5_0^5
467	0,3,1,0,5,0	q2_0^3*q3_0*q5_0^5
468	2,2,1,0,5,0	b4^2*q2_0^2*q3_0*q5_0^5
469	4,1,1,0,5,0	b4^4*q2_0*q3_0*q5_0^5
470	6,0,1,0,5,0	b4^6*q3_0*q5_0^5
471	1,4,0,0,5,0	b4*q2_0^4*q5_0^5
472	3,3,0,0,5,0	b4^3*q2_0^3*q5_0^5
473	5,2,0,0,5,0	b4^5*q2_0^2*q5_0^5
474	7,1,0,0,5,0	b4^7*q2_0*q5_0^5
475	9,0,0,0,5,0	b4^9*q5_0^5
476	0,1,0,3,4,0	q2_0*q4_0^3*q5_0^4
477	2,0,0,3,4,0	b4^2*q4_0^3*q5_0^4
478	0,0,2,2,4,0	q3_0^2*q4_0^2*q5_0^4
479	1,1,1,2,4,0	b4*q2_0*q3_0*q4_0^2*q5_0^4
480	3,0,1,2,4,0	b4^3*q3_0*q4_0^2*q5_0^4
481	0,3,0,2,4,0	q2_0^3*q4_0^2*q5_0^4
482	2,2,0,2,4,0	b4^2*q2_0^2*q4_0^2*q5_0^4
483	4,1,0,2,4,0	b4^4*q2_0*q4_0^2*q5_0^4
484	6,0,0,2,4,0	b4^6*q4_0^2*q5_0^4
485	1,0,3,1,4,0	b4*q3_0^3*q4_0*q5_0^4
486	0,2,2,1,4,0	q2_0^2*q3_0^2*q4_0*q5_0^4
487	2,1,2,1,4,0	b4^2*q2_0*q3_0^2*q4_0*q5_0^4
488	4,0,2,1,4,0	b4^4*q3_0^2*q4_0*q5_0^4
489	1,3,1,1,4,0	b4*q2_0^3*q3_0*q4_0*q5_0^4
490	3,2,1,1,4,0	b4^3*q2_0^2*q3_0*q4_0*q5_0^4
491	5,1,1,1,4,0	b4^5*q2_0*q3_0*q4_0*q5_0^4
492	7,0,1,1,4,0	b4^7*q3_0*q4_0*q5_0^4
493	0,5,0,1,4,0	q2_0^5*q4_0*q5_0^4
494	2,4,0,1,4,0	b4^2*q2_0^4*q4_0*q5_0^4
495	4,3,0,1,4,0	b4^4*q2_0^3*q4_0*q5_0^4
496	6,2,0,1,4,0	b4^6*q2_0^2*q4_0*q5_0^4
497	8,1,0,1,4,0	b4^8*q2_0*q4_0*q5_0^4
498	10,0,0,1,4,0	b4^10*q4_0*q5_0^4
499	0,1,4,0,4,0	q2_0*q3_0^4*q5_0^4
500	2,0,4,0,4,0	b4^2*q3_0^4*q5_0^4
501	1,2,3,0,4,0	b4*q2_0^2*q3_0^3*q5_0^4
502	3,1,3,0,4,0	b4^3*q2_0*q3_0^3*q5_0^4
503	5,0,3,0,4,0	b4^5*q3_0^3*q5_0^4
504	0,4,2,0,4,0	q2_0^4*q3_0^2*q5_0^4
505	2,3,2,0,4,0	b4^2*q2_0^3*q3_0^2*q5_0^4
506	4,2,2,0,4,0	b4^4*q2_0^2*q3_0^2*q5_0^4
507	6,1,2,0,4,0	b4^6*q2_0*q3_0^2*q5_0^4
508	8,0,2,0,4,0	b4^8*q3_0^2*q5_0^4
509	1,5,1,0,4,0	b4*q2_0^5*q3_0*q5_0^4
510	3,4,1,0,4,0	b4^3*q2_0^4*q3_0*q5_0^4
511	5,3,1,0,4,0	b4^5*q2_0^3*q3_0*q5_0^4
512	7,2,1,0,4,0	b4^7*q2_0^2*q3_0*q5_0^4
513	9,1,1,0,4,0	b4^9*q2_0*q3_0*q5_0^4
514	11,0,1,0,4,0	b4^11*q3_0*q5_0^4
515	0,7,0,0,4,0	q2_0^7*q5_0^4
516	2,6,0,0,4,0	b4^2*q2_0^6*q5_0^4
517	4,5,0,0,4,0	b4^4*q2_0^5*q5_0^4
518	6,4,0,0,4,0	b4^6*q2_0^4*q5_0^4
519	8,3,0,0,4,0	b4^8*q2_0^3*q5_0^4
520	10,2,0,0,4,0	b4^10*q2_0^2*q5_0^4
521	12,1,0,0,4,0	b4^12*q2_0*q5_0^4
522	0,0,1,4,3,0	q3_0*q4_0^4*q5_0^3
523	1,1,0,4,3,0	b4*q2_0*q4_0^4*q5_0^3
524	3,0,0,4,3,0	b4^3*q4_0^4*q5_0^3
525	1,0,2,3,3,0	b4*q3_0^2*q4_0^3*q5_0^3
526	0,2,1,3,3,0	q2_0^2*q3_0*q4_0^3*q5_0^3
527	2,1,1,3,3,0	b4^2*q2_0*q3_0*q4_0^3*q5_0^3
528	4,0,1,3,3,0	b4^4*q3_0*q4_0^3*q5_0^3
529	0,1,3,2,3,0	q2_0*q3_0^3*q4_0^2*q5_0^3
530	0,4,1,2,3,0	q2_0^4*q3_0*q4_0^2*q5_0^3
531	0,0,5,1,3,0	q3_0^5*q4_0*q5_0^3
532	0,3,3,1,3,0	q2_0^3*q3_0^3*q4_0*q5_0^3
533	0,6,1,1,3,0	q2_0^6*q3_0*q4_0*q5_0^3
534	0,2,5,0,3,0	q2_0^2*q3_0^5*q5_0^3
535	0,5,3,0,3,0	q2_0^5*q3_0^3*q5_0^3
536	0,8,1,0,3,0	q2_0^8*q3_0*q5_0^3
537	0,0,0,6,2,0	q4_0^6*q5_0^2
538	0,2,0,5,2,0	q2_0^2*q4_0^5*q5_0^2
539	0,0,4,3,2,0	q3_0^4*q4_0^3*q5_0^2
540	3,4,0,3,1,1	b4^3*q2_0^4*q4_0^3*q5_0*b3
541	5,3,0,3,1,1	b4^5*q2_0^3*q4_0^3*q5_0*b3
542	7,2,0,3,1,1	b4^7*q2_0^2*q4_0^3*q5_0*b3
543	9,1,0,3,1,1	b4^9*q2_0*q4_0^3*q5_0*b3
544	11,0,0,3,1,1	b4^11*q4_0^3*q5_0*b3
545	0,0,5,2,1,1	q3_0^5*q4_0^2*q5_0*b3
546	1,1,4,2,1,1	b4*q2_0*q3_0^4*q4_0^2*q5_0*b3
547	3,0,4,2,1,1	b4^3*q3_0^4*q4_0^2*q5_0*b3
548	0,3,3,2,1,1	q2_0^3*q3_0^3*q4_0^2*q5_0*b3
549	2,2,3,2,1,1	b4^2*q2_0^2*q3_0^3*q4_0^2*q5_0*b3
550	4,1,3,2,1,1	b4^4*q2_0*q3_0^3*q4_0^2*q5_0*b3
551	6,0,3,2,1,1	b4^6*q3_0^3*q4_0^2*q5_0*b3
552	1,4,2,2,1,1	b4*q2_0^4*q3_0^2*q4_0^2*q5_0*b3
553	3,3,2,2,1,1	b4^3*q2_0^3*q3_0^2*q4_0^2*q5_0*b3
554	5,2,2,2,1,1	b4^5*q2_0^2*q3_0^2*q4_0^2*q5_0*b3
555	7,1,2,2,1,1	b4^7*q2_0*q3_0^2*q4_0^2*q5_0*b3
556	9,0,2,2,1,1	b4^9*q3_0^2*q4_0^2*q5_0*b3
557	0,6,1,2,1,1	q2_0^6*q3_0*q4_0^2*q5_0*b3
558	2,5,1,2,1,1	b4^2*q2_0^5*q3_0*q4_0^2*q5_0*b3
559	4,4,1,2,1,1	b4^4*q2_0^4*q3_0*q4_0^2*q5_0*b3
560	6,3,1,2,1,1	b4^6*q2_0^3*q3_0*q4_0^2*q5_0*b3
561	8,2,1,2,1,1	b4^8*q2_0^2*q3_0*q4_0^2*q5_0*b3
562	10,1,1,2,1,1	b4^10*q2_0*q3_0*q4_0^2*q5_0*b3
563	12,0,1,2,1,1	b4^12*q3_0*q4_0^2*q5_0*b3
564	1,7,0,2,1,1	b4*q2_0^7*q4_0^2*q5_0*b3
565	3,6,0,2,1,1	b4^3*q2_0^6*q4_0^2*q5_0*b3
566	5,5,0,2,1,1	b4^5*q2_0^5*q4_0^2*q5_0*b3
567	7,4,0,2,1,1	b4^7*q2_0^4*q4_0^2*q5_0*b3
568	9,3,0,2,1,1	b4^9*q2_0^3*q4_0^2*q5_0*b3
569	11,2,0,2,1,1	b4^11*q2_0^2*q4_0^2*q5_0*b3
570	1,0,6,1,1,1	b4*q3_0^6*q4_0*q5_0*b3
571	0,2,5,1,1,1	q2_0^2*q3_0^5*q4_0*q5_0*b3
572	2,1,5,1,1,1	b4^2*q2_0*q3_0^5*q4_0*q5_0*b3
573	4,0,5,1,1,1	b4^4*q3_0^5*q4_0*q5_0*b3
574	1,3,4,1,1,1	b4*q2_0^3*q3_0^4*q4_0*q5_0*b3
575	3,2,4,1,1,1	b4^3*q2_0^2*q3_0^4*q4_0*q5_0*b3
576	5,1,4,1,1,1	b4^5*q2_0*q3_0^4*q4_0*q5_0*b3
577	7,0,4,1,1,1	b4^7*q3_0^4*q4_0*q5_0*b3
578	0,5,3,1,1,1	q2_0^5*q3_0^3*q4_0*q5_0*b3
579	2,4,3,1,1,1	b4^2*q2_0^4*q3_0^3*q4_0*q5_0*b3
580	4,3,3,1,1,1	b4^4*q2_0^3*q3_0^3*q4_0*q5_0*b3
581	6,2,3,1,1,1	b4^6*q2_0^2*q3_0^3*q4_0*q5_0*b3
582	8,1,3,1,1,1	b4^8*q2_0*q3_0^3*q4_0*q5_0*b3
583	10,0,3,1,1,1	b4^10*q3_0^3*q4_0*q5_0*b3
584	1,6,2,1,1,1	b4*q2_0^6*q3_0^2*q4_0*q5_0*b3
585	3,5,2,1,1,1	b4^3*q2_0^5*q3_0^2*q4_0*q5_0*b3
586	5,4,2,1,1,1	b4^5*q2_0^4*q3_0^2*q4_0*q5_0*b3
587	7,3,2,1,1,1	b4^7*q2_0^3*q3_0^2*q4_0*q5_0*b3
588	9,2,2,1,1,1	b4^9*q2_0^2*q3_0^2*q4_0*q5_0*b3
589	11,1,2,1,1,1	b4^11*q2_0*q3_0^2*q4_0*q5_0*b3
590	13,0,2,1,1,1	b4^13*q3_0^2*q4_0*q5_0*b3
591	0,8,1,1,1,1	q2_0^8*q3_0*q4_0*q5_0*b3
592	2,7,1,1,1,1	b4^2*q2_0^7*q3_0*q4_0*q5_0*b3
593	4,6,1,1,1,1	b4^4*q2_0^6*q3_0*q4_0*q5_0*b3
594	0,1,7,0,1,1	q2_0*q3_0^7*q5_0*b3
595	2,0,7,0,1,1	b4^2*q3_0^7*q5_0*b3
596	1,2,6,0,1,1	b4*q2_0^2*q3_0^6*q5_0*b3
597	0,0,0,7,0,1	q4_0^7*b3
598	1,0,1,6,0,1	b4*q3_0*q4_0^6*b3
599	0,2,0,6,0,1	q2_0^2*q4_0^6*b3
600	2,1,0,6,0,1	b4^2*q2_0*q4_0^6*b3
601	4,0,0,6,0,1	b4^4*q4_0^6*b3
602	0,1,2,5,0,1	q2_0*q3_0^2*q4_0^5*b3
603	2,0,2,5,0,1	b4^2*q3_0^2*q4_0^5*b3
604	1,2,1,5,0,1	b4*q2_0^2*q3_0*q4_0^5*b3
605	3,1,1,5,0,1	b4^3*q2_0*q3_0*q4_0^5*b3
606	5,0,1,5,0,1	b4^5*q3_0*q4_0^5*b3
607	0,4,0,5,0,1	q2_0^4*q4_0^5*b3
608	2,3,0,5,0,1	b4^2*q2_0^3*q4_0^5*b3
609	4,2,0,5,0,1	b4^4*q2_0^2*q4_0^5*b3
610	6,1,0,5,0,1	b4^6*q2_0*q4_0^5*b3
611	8,0,0,5,0,1	b4^8*q4_0^5*b3
612	0,0,0,0,7,0	q5_0^7
613	0,1,1,0,6,0	q2_0*q3_0*q5_0^6
614	0,1,0,2,5,0	q2_0*q4_0^2*q5_0^5
615	0,0,2,1,5,0	q3_0^2*q4_0*q5_0^5
616	0,3,0,1,5,0	q2_0^3*q4_0*q5_0^5
617	0,2,2,0,5,0	q2_0^2*q3_0^2*q5_0^5
618	0,5,0,0,5,0	q2_0^5*q5_0^5
619	0,0,1,3,4,0	q3_0*q4_0^3*q5_0^4
620	0,2,1,2,4,0	q2_0^2*q3_0*q4_0^2*q5_0^4
621	0,1,3,1,4,0	q2_0*q3_0^3*q4_0*q5_0^4
622	0,4,1,1,4,0	q2_0^4*q3_0*q4_0*q5_0^4
623	0,0,5,0,4,0	q3_0^5*q5_0^4
624	0,3,3,0,4,0	q2_0^3*q3_0^3*q5_0^4
625	0,6,1,0,4,0	q2_0^6*q3_0*q5_0^4
626	0,0,0,5,3,0	q4_0^5*q5_0^3
627	0,2,0,4,3,0	q2_0^2*q4_0^4*q5_0^3
628	0,1,2,3,3,0	q2_0*q3_0^2*q4_0^3*q5_0^3
629	0,0,4,2,3,0	q3_0^4*q4_0^2*q5_0^3
630	4,2,2,0,3,1	b4^4*q2_0^2*q3_0^2*q5_0^3*b3
631	6,1,2,0,3,1	b4^6*q2_0*q3_0^2*q5_0^3*b3
632	8,0,2,0,3,1	b4^8*q3_0^2*q5_0^3*b3
633	1,5,1,0,3,1	b4*q2_0^5*q3_0*q5_0^3*b3
634	3,4,1,0,3,1	b4^3*q2_0^4*q3_0*q5_0^3*b3
635	5,3,1,0,3,1	b4^5*q2_0^3*q3_0*q5_0^3*b3
636	7,2,1,0,3,1	b4^7*q2_0^2*q3_0*q5_0^3*b3
637	9,1,1,0,3,1	b4^9*q2_0*q3_0*q5_0^3*b3
638	11,0,1,0,3,1	b4^11*q3_0*q5_0^3*b3
639	0,7,0,0,3,1	q2_0^7*q5_0^3*b3
640	2,6,0,0,3,1	b4^2*q2_0^6*q5_0^3*b3
641	4,5,0,0,3,1	b4^4*q2_0^5*q5_0^3*b3
642	6,4,0,0,3,1	b4^6*q2_0^4*q5_0^3*b3
643	8,3,0,0,3,1	b4^8*q2_0^3*q5_0^3*b3
644	10,2,0,0,3,1	b4^10*q2_0^2*q5_0^3*b3
645	12,1,0,0,3,1	b4^12*q2_0*q5_0^3*b3
646	0,0,1,4,2,1	q3_0*q4_0^4*q5_0^2*b3
647	1,1,0,4,2,1	b4*q2_0*q4_0^4*q5_0^2*b3
648	3,0,0,4,2,1	b4^3*q4_0^4*q5_0^2*b3
649	1,0,2,3,2,1	b4*q3_0^2*q4_0^3*q5_0^2*b3
650	0,2,1,3,2,1	q2_0^2*q3_0*q4_0^3*q5_0^2*b3
651	2,1,1,3,2,1	b4^2*q2_0*q3_0*q4_0^3*q5_0^2*b3
652	4,0,1,3,2,1	b4^4*q3_0*q4_0^3*q5_0^2*b3
653	1,3,0,3,2,1	b4*q2_0^3*q4_0^3*q5_0^2*b3
654	3,2,0,3,2,1	b4^3*q2_0^2*q4_0^3*q5_0^2*b3
655	5,1,0,3,2,1	b4^5*q2_0*q4_0^3*q5_0^2*b3
656	7,0,0,3,2,1	b4^7*q4_0^3*q5_0^2*b3
657	0,1,3,2,2,1	q2_0*q3_0^3*q4_0^2*q5_0^2*b3
658	2,0,3,2,2,1	b4^2*q3_0^3*q4_0^2*q5_0^2*b3
659	1,2,2,2,2,1	b4*q2_0^2*q3_0^2*q4_0^2*q5_0^2*b3
660	3,1,2,2,2,1	b4^3*q2_0*q3_0^2*q4_0^2*q5_0^2*b3
661	5,0,2,2,2,1	b4^5*q3_0^2*q4_0^2*q5_0^2*b3
662	0,4,1,2,2,1	q2_0^4*q3_0*q4_0^2*q5_0^2*b3
663	2,3,1,2,2,1	b4^2*q2_0^3*q3_0*q4_0^2*q5_0^2*b3
664	4,2,1,2,2,1	b4^4*q2_0^2*q3_0*q4_0^2*q5_0^2*b3
665	6,1,1,2,2,1	b4^6*q2_0*q3_0*q4_0^2*q5_0^2*b3
666	8,0,1,2,2,1	b4^8*q3_0*q4_0^2*q5_0^2*b3
667	1,5,0,2,2,1	b4*q2_0^5*q4_0^2*q5_0^2*b3
668	3,4,0,2,2,1	b4^3*q2_0^4*q4_0^2*q5_0^2*b3
669	5,3,0,2,2,1	b4^5*q2_0^3*q4_0^2*q5_0^2*b3
670	7,2,0,2,2,1	b4^7*q2_0^2*q4_0^2*q5_0^2*b3
671	9,1,0,2,2,1	b4^9*q2_0*q4_0^2*q5_0^2*b3
672	11,0,0,2,2,1	b4^11*q4_0^2*q5_0^2*b3
673	0,0,5,1,2,1	q3_0^5*q4_0*q5_0^2*b3
674	1,1,4,1,2,1	b4*q2_0*q3_0^4*q4_0*q5_0^2*b3
675	3,0,4,1,2,1	b4^3*q3_0^4*q4_0*q5_0^2*b3
676	0,3,3,1,2,1	q2_0^3*q3_0^3*q4_0*q5_0^2*b3
677	2,2,3,1,2,1	b4^2*q2_0^2*q3_0^3*q4_0*q5_0^2*b3
678	4,1,3,1,2,1	b4^4*q2_0*q3_0^3*q4_0*q5_0^2*b3
679	6,0,3,1,2,1	b4^6*q3_0^3*q4_0*q5_0^2*b3
680	1,4,2,1,2,1	b4*q2_0^4*q3_0^2*q4_0*q5_0^2*b3
681	3,3,2,1,2,1	b4^3*q2_0^3*q3_0^2*q4_0*q5_0^2*b3
682	5,2,2,1,2,1	b4^5*q2_0^2*q3_0^2*q4_0*q5_0^2*b3
683	7,1,2,1,2,1	b4^7*q2_0*q3_0^2*q4_0*q5_0^2*b3
684	9,0,2,1,2,1	b4^9*q3_0^2*q4_0*q5_0^2*b3
685	0,6,1,1,2,1	q2_0^6*q3_0*q4_0*q5_0^2*b3
686	2,5,1,1,2,1	b4^2*q2_0^5*q3_0*q4_0*q5_0^2*b3
687	4,4,1,1,2,1	b4^4*q2_0^4*q3_0*q4_0*q5_0^2*b3
688	6,3,1,1,2,1	b4^6*q2_0^3*q3_0*q4_0*q5_0^2*b3
689	8,2,1,1,2,1	b4^8*q2_0^2*q3_0*q4_0*q5_0^2*b3
690	10,1,1,1,2,1	b4^10*q2_0*q3_0*q4_0*q5_0^2*b3
691	12,0,1,1,2,1	b4^12*q3_0*q4_0*q5_0^2*b3
692	1,7,0,1,2,1	b4*q2_0^7*q4_0*q5_0^2*b3
693	3,6,0,1,2,1	b4^3*q2_0^6*q4_0*q5_0^2*b3
694	5,5,0,1,2,1	b4^5*q2_0^5*q4_0*q5_0^2*b3
695	7,4,0,1,2,1	b4^7*q2_0^4*q4_0*q5_0^2*b3
696	9,3,0,1,2,1	b4^9*q2_0^3*q4_0*q5_0^2*b3
697	11,2,0,1,2,1	b4^11*q2_0^2*q4_0*q5_0^2*b3
698	1,0,6,0,2,1	b4*q3_0^6*q5_0^2*b3
699	0,2,5,0,2,1	q2_0^2*q3_0^5*q5_0^2*b3
700	2,1,5,0,2,1	b4^2*q2_0*q3_0^5*q5_0^2*b3
701	4,0,5,0,2,1	b4^4*q3_0^5*q5_0^2*b3
702	1,3,4,0,2,1	b4*q2_0^3*q3_0^4*q5_0^2*b3
703	3,2,4,0,2,1	b4^3*q2_0^2*q3_0^4*q5_0^2*b3
704	5,1,4,0,2,1	b4^5*q2_0*q3_0^4*q5_0^2*b3
705	7,0,4,0,2,1	b4^7*q3_0^4*q5_0^2*b3
706	0,5,3,0,2,1	q2_0^5*q3_0^3*q5_0^2*b3
707	2,4,3,0,2,1	b4^2*q2_0^4*q3_0^3*q5_0^2*b3
708	4,3,3,0,2,1	b4^4*q2_0^3*q3_0^3*q5_0^2*b3
709	6,2,3,0,2,1	b4^6*q2_0^2*q3_0^3*q5_0^2*b3
710	8,1,3,0,2,1	b4^8*q2_0*q3_0^3*q5_0^2*b3
711	10,0,3,0,2,1	b4^10*q3_0^3*q5_0^2*b3
712	1,6,2,0,2,1	b4*q2_0^6*q3_0^2*q5_0^2*b3
713	3,5,2,0,2,1	b4^3*q2_0^5*q3_0^2*q5_0^2*b3
714	5,4,2,0,2,1	b4^5*q2_0^4*q3_0^2*q5_0^2*b3
715	7,3,2,0,2,1	b4^7*q2_0^3*q3_0^2*q5_0^2*b3
716	9,2,2,0,2,1	b4^9*q2_0^2*q3_0^2*q5_0^2*b3
717	11,1,2,0,2,1	b4^11*q2_0*q3_0^2*q5_0^2*b3
718	13,0,2,0,2,1	b4^13*q3_0^2*q5_0^2*b3
719	0,8,1,0,2,1	q2_0^8*q3_0*q5_0^2*b3
720	2,7,1,0,2,1	b4^2*q2_0^7*q3_0*q5_0^2*b3
721	4,6,1,0,2,1	b4^4*q2_0^6*q3_0*q5_0^2*b3
722	0,0,0,6,1,1	q4_0^6*q5_0*b3
723	1,0,1,5,1,1	b4*q3_0*q4_0^5*q5_0*b3
724	0,2,0,5,1,1	q2_0^2*q4_0^5*q5_0*b3
725	2,1,0,5,1,1	b4^2*q2_0*q4_0^5*q5_0*b3
726	4,0,0,5,1,1	b4^4*q4_0^5*q5_0*b3
727	0,1,2,4,1,1	q2_0*q3_0^2*q4_0^4*q5_0*b3
728	2,0,2,4,1,1	b4^2*q3_0^2*q4_0^4*q5_0*b3
729	1,2,1,4,1,1	b4*q2_0^2*q3_0*q4_0^4*q5_0*b3
730	3,1,1,4,1,1	b4^3*q2_0*q3_0*q4_0^4*q5_0*b3
731	5,0,1,4,1,1	b4^5*q3_0*q4_0^4*q5_0*b3
732	0,4,0,4,1,1	q2_0^4*q4_0^4*q5_0*b3
733	2,3,0,4,1,1	b4^2*q2_0^3*q4_0^4*q5_0*b3
734	4,2,0,4,1,1	b4^4*q2_0^2*q4_0^4*q5_0*b3
735	6,1,0,4,1,1	b4^6*q2_0*q4_0^4*q5_0*b3
736	8,0,0,4,1,1	b4^8*q4_0^4*q5_0*b3
737	0,0,4,3,1,1	q3_0^4*q4_0^3*q5_0*b3
738	1,1,3,3,1,1	b4*q2_0*q3_0^3*q4_0^3*q5_0*b3
739	3,0,3,3,1,1	b4^3*q3_0^3*q4_0^3*q5_0*b3
740	0,3,2,3,1,1	q2_0^3*q3_0^2*q4_0^3*q5_0*b3
741	2,2,2,3,1,1	b4^2*q2_0^2*q3_0^2*q4_0^3*q5_0*b3
742	4,1,2,3,1,1	b4^4*q2_0*q3_0^2*q4_0^3*q5_0*b3
743	6,0,2,3,1,1	b4^6*q3_0^2*q4_0^3*q5_0*b3
744	1,4,1,3,1,1	b4*q2_0^4*q3_0*q4_0^3*q5_0*b3
745	3,3,1,3,1,1	b4^3*q2_0^3*q3_0*q4_0^3*q5_0*b3
746	5,2,1,3,1,1	b4^5*q2_0^2*q3_0*q4_0^3*q5_0*b3
747	7,1,1,3,1,1	b4^7*q2_0*q3_0*q4_0^3*q5_0*b3
748	9,0,1,3,1,1	b4^9*q3_0*q4_0^3*q5_0*b3
749	0,6,0,3,1,1	q2_0^6*q4_0^3*q5_0*b3
750	2,5,0,3,1,1	b4^2*q2_0^5*q4_0^3*q5_0*b3
751	0,2,4,2,1,1	q2_0^2*q3_0^4*q4_0^2*q5_0*b3
752	0,5,2,2,1,1	q2_0^5*q3_0^2*q4_0^2*q5_0*b3
753	0,8,0,2,1,1	q2_0^8*q4_0^2*q5_0*b3
754	0,1,6,1,1,1	q2_0*q3_0^6*q4_0*q5_0*b3
755	0,0,2,0,6,0	q3_0^2*q5_0^6
756	0,0,1,2,5,0	q3_0*q4_0^2*q5_0^5
757	0,0,0,4,4,0	q4_0^4*q5_0^4
758	0,0,4,1,4,0	q3_0^4*q4_0*q5_0^4
759	0,0,3,3,3,0	q3_0^3*q4_0^3*q5_0^3
760	4,2,1,3,0,2	b4^4*q2_0^2*q3_0*q4_0^3*b3^2
761	6,1,1,3,0,2	b4^6*q2_0*q3_0*q4_0^3*b3^2
762	8,0,1,3,0,2	b4^8*q3_0*q4_0^3*b3^2
763	1,5,0,3,0,2	b4*q2_0^5*q4_0^3*b3^2
764	3,4,0,3,0,2	b4^3*q2_0^4*q4_0^3*b3^2
765	5,3,0,3,0,2	b4^5*q2_0^3*q4_0^3*b3^2
766	7,2,0,3,0,2	b4^7*q2_0^2*q4_0^3*b3^2
767	9,1,0,3,0,2	b4^9*q2_0*q4_0^3*b3^2
768	11,0,0,3,0,2	b4^11*q4_0^3*b3^2
769	0,0,5,2,0,2	q3_0^5*q4_0^2*b3^2
770	1,1,4,2,0,2	b4*q2_0*q3_0^4*q4_0^2*b3^2
771	3,0,4,2,0,2	b4^3*q3_0^4*q4_0^2*b3^2
772	0,3,3,2,0,2	q2_0^3*q3_0^3*q4_0^2*b3^2
773	2,2,3,2,0,2	b4^2*q2_0^2*q3_0^3*q4_0^2*b3^2
774	4,1,3,2,0,2	b4^4*q2_0*q3_0^3*q4_0^2*b3^2
775	6,0,3,2,0,2	b4^6*q3_0^3*q4_0^2*b3^2
776	1,4,2,2,0,2	b4*q2_0^4*q3_0^2*q4_0^2*b3^2
777	3,3,2,2,0,2	b4^3*q2_0^3*q3_0^2*q4_0^2*b3^2
778	5,2,2,2,0,2	b4^5*q2_0^2*q3_0^2*q4_0^2*b3^2
779	7,1,2,2,0,2	b4^7*q2_0*q3_0^2*q4_0^2*b3^2
780	9,0,2,2,0,2	b4^9*q3_0^2*q4_0^2*b3^2
781	0,6,1,2,0,2	q2_0^6*q3_0*q4_0^2*b3^2
782	2,5,1,2,0,2	b4^2*q2_0^5*q3_0*q4_0^2*b3^2
783	4,4,1,2,0,2	b4^4*q2_0^4*q3_0*q4_0^2*b3^2
784	6,3,1,2,0,2	b4^6*q2_0^3*q3_0*q4_0^2*b3^2
785	8,2,1,2,0,2	b4^8*q2_0^2*q3_0*q4_0^2*b3^2
786	10,1,1,2,0,2	b4^10*q2_0*q3_0*q4_0^2*b3^2
787	12,0,1,2,0,2	b4^12*q3_0*q4_0^2*b3^2
788	1,7,0,2,0,2	b4*q2_0^7*q4_0^2*b3^2
789	3,6,0,2,0,2	b4^3*q2_0^6*q4_0^2*b3^2
790	5,5,0,2,0,2	b4^5*q2_0^5*q4_0^2*b3^2
791	7,4,0,2,0,2	b4^7*q2_0^4*q4_0^2*b3^2
792	9,3,0,2,0,2	b4^9*q2_0^3*q4_0^2*b3^2
793	11,2,0,2,0,2	b4^11*q2_0^2*q4_0^2*b3^2
794	1,0,6,1,0,2	b4*q3_0^6*q4_0*b3^2
795	0,2,5,1,0,2	q2_0^2*q3_0^5*q4_0*b3^2
796	2,1,5,1,0,2	b4^2*q2_0*q3_0^5*q4_0*b3^2
797	4,0,5,1,0,2	b4^4*q3_0^5*q4_0*b3^2
798	1,3,4,1,0,2	b4*q2_0^3*q3_0^4*q4_0*b3^2
799	3,2,4,1,0,2	b4^3*q2_0^2*q3_0^4*q4_0*b3^2
800	5,1,4,1,0,2	b4^5*q2_0*q3_0^4*q4_0*b3^2
801	7,0,4,1,0,2	b4^7*q3_0^4*q4_0*b3^2
802	0,5,3,1,0,2	q2_0^5*q3_0^3*q4_0*b3^2
803	2,4,3,1,0,2	b4^2*q2_0^4*q3_0^3*q4_0*b3^2
804	4,3,3,1,0,2	b4^4*q2_0^3*q3_0^3*q4_0*b3^2
805	6,2,3,1,0,2	b4^6*q2_0^2*q3_0^3*q4_0*b3^2
806	8,1,3,1,0,2	b4^8*q2_0*q3_0^3*q4_0*b3^2
807	10,0,3,1,0,2	b4^10*q3_0^3*q4_0*b3^2
808	1,6,2,1,0,2	b4*q2_0^6*q3_0^2*q4_0*b3^2
809	3,5,2,1,0,2	b4^3*q2_0^5*q3_0^2*q4_0*b3^2
810	5,4,2,1,0,2	b4^5*q2_0^4*q3_0^2*q4_0*b3^2
811	7,3,2,1,0,2	b4^7*q2_0^3*q3_0^2*q4_0*b3^2
812	9,2,2,1,0,2	b4^9*q2_0^2*q3_0^2*q4_0*b3^2
813	11,1,2,1,0,2	b4^11*q2_0*q3_0^2*q4_0*b3^2
814	13,0,2,1,0,2	b4^13*q3_0^2*q4_0*b3^2
815	0,8,1,1,0,2	q2_0^8*q3_0*q4_0*b3^2
816	2,7,1,1,0,2	b4^2*q2_0^7*q3_0*q4_0*b3^2
817	4,6,1,1,0,2	b4^4*q2_0^6*q3_0*q4_0*b3^2
818	0,1,7,0,0,2	q2_0*q3_0^7*b3^2
819	2,0,7,0,0,2	b4^2*q3_0^7*b3^2
820	1,2,6,0,0,2	b4*q2_0^2*q3_0^6*b3^2
821	0,0,0,0,6,1	q5_0^6*b3
822	1,0,0,1,5,1	b4*q4_0*q5_0^5*b3
823	0,1,1,0,5,1	q2_0*q3_0*q5_0^5*b3
824	2,0,1,0,5,1	b4^2*q3_0*q5_0^5*b3
825	1,2,0,0,5,1	b4*q2_0^2*q5_0^5*b3
826	3,1,0,0,5,1	b4^3*q2_0*q5_0^5*b3
827	5,0,0,0,5,1	b4^5*q5_0^5*b3
828	0,1,0,2,4,1	q2_0*q4_0^2*q5_0^4*b3
829	2,0,0,2,4,1	b4^2*q4_0^2*q5_0^4*b3
830	0,0,2,1,4,1	q3_0^2*q4_0*q5_0^4*b3
831	1,1,1,1,4,1	b4*q2_0*q3_0*q4_0*q5_0^4*b3
832	3,0,1,1,4,1	b4^3*q3_0*q4_0*q5_0^4*b3
833	0,3,0,1,4,1	q2_0^3*q4_0*q5_0^4*b3
834	2,2,0,1,4,1	b4^2*q2_0^2*q4_0*q5_0^4*b3
835	4,1,0,1,4,1	b4^4*q2_0*q4_0*q5_0^4*b3
836	6,0,0,1,4,1	b4^6*q4_0*q5_0^4*b3
837	1,0,3,0,4,1	b4*q3_0^3*q5_0^4*b3
838	0,2,2,0,4,1	q2_0^2*q3_0^2*q5_0^4*b3
839	2,1,2,0,4,1	b4^2*q2_0*q3_0^2*q5_0^4*b3
840	4,0,2,0,4,1	b4^4*q3_0^2*q5_0^4*b3
841	1,3,1,0,4,1	b4*q2_0^3*q3_0*q5_0^4*b3
842	3,2,1,0,4,1	b4^3*q2_0^2*q3_0*q5_0^4*b3
843	5,1,1,0,4,1	b4^5*q2_0*q3_0*q5_0^4*b3
844	7,0,1,0,4,1	b4^7*q3_0*q5_0^4*b3
845	0,5,0,0,4,1	q2_0^5*q5_0^4*b3
846	2,4,0,0,4,1	b4^2*q2_0^4*q5_0^4*b3
847	4,3,0,0,4,1	b4^4*q2_0^3*q5_0^4*b3
848	6,2,0,0,4,1	b4^6*q2_0^2*q5_0^4*b3
849	8,1,0,0,4,1	b4^8*q2_0*q5_0^4*b3
850	10,0,0,0,4,1	b4^10*q5_0^4*b3
851	0,0,1,3,3,1	q3_0*q4_0^3*q5_0^3*b3
852	1,1,0,3,3,1	b4*q2_0*q4_0^3*q5_0^3*b3
853	3,0,0,3,3,1	b4^3*q4_0^3*q5_0^3*b3
854	1,0,2,2,3,1	b4*q3_0^2*q4_0^2*q5_0^3*b3
855	0,2,1,2,3,1	q2_0^2*q3_0*q4_0^2*q5_0^3*b3
856	2,1,1,2,3,1	b4^2*q2_0*q3_0*q4_0^2*q5_0^3*b3
857	4,0,1,2,3,1	b4^4*q3_0*q4_0^2*q5_0^3*b3
858	1,3,0,2,3,1	b4*q2_0^3*q4_0^2*q5_0^3*b3
859	3,2,0,2,3,1	b4^3*q2_0^2*q4_0^2*q5_0^3*b3
860	5,1,0,2,3,1	b4^5*q2_0*q4_0^2*q5_0^3*b3
861	7,0,0,2,3,1	b4^7*q4_0^2*q5_0^3*b3
862	0,1,3,1,3,1	q2_0*q3_0^3*q4_0*q5_0^3*b3
863	2,0,3,1,3,1	b4^2*q3_0^3*q4_0*q5_0^3*b3
864	1,2,2,1,3,1	b4*q2_0^2*q3_0^2*q4_0*q5_0^3*b3
865	3,1,2,1,3,1	b4^3*q2_0*q3_0^2*q4_0*q5_0^3*b3
866	5,0,2,1,3,1	b4^5*q3_0^2*q4_0*q5_0^3*b3
867	0,4,1,1,3,1	q2_0^4*q3_0*q4_0*q5_0^3*b3
868	2,3,1,1,3,1	b4^2*q2_0^3*q3_0*q4_0*q5_0^3*b3
869	4,2,1,1,3,1	b4^4*q2_0^2*q3_0*q4_0*q5_0^3*b3
870	6,1,1,1,3,1	b4^6*q2_0*q3_0*q4_0*q5_0^3*b3
871	8,0,1,1,3,1	b4^8*q3_0*q4_0*q5_0^3*b3
872	1,5,0,1,3,1	b4*q2_0^5*q4_0*q5_0^3*b3
873	3,4,0,1,3,1	b4^3*q2_0^4*q4_0*q5_0^3*b3
874	5,3,0,1,3,1	b4^5*q2_0^3*q4_0*q5_0^3*b3
875	7,2,0,1,3,1	b4^7*q2_0^2*q4_0*q5_0^3*b3
876	9,1,0,1,3,1	b4^9*q2_0*q4_0*q5_0^3*b3
877	11,0,0,1,3,1	b4^11*q4_0*q5_0^3*b3
878	0,0,5,0,3,1	q3_0^5*q5_0^3*b3
879	1,1,4,0,3,1	b4*q2_0*q3_0^4*q5_0^3*b3
880	3,0,4,0,3,1	b4^3*q3_0^4*q5_0^3*b3
881	0,3,3,0,3,1	q2_0^3*q3_0^3*q5_0^3*b3
882	2,2,3,0,3,1	b4^2*q2_0^2*q3_0^3*q5_0^3*b3
883	4,1,3,0,3,1	b4^4*q2_0*q3_0^3*q5_0^3*b3
884	6,0,3,0,3,1	b4^6*q3_0^3*q5_0^3*b3
885	1,4,2,0,3,1	b4*q2_0^4*q3_0^2*q5_0^3*b3
886	3,3,2,0,3,1	b4^3*q2_0^3*q3_0^2*q5_0^3*b3
887	0,6,1,0,3,1	q2_0^6*q3_0*q5_0^3*b3
888	0,0,0,5,2,1	q4_0^5*q5_0^2*b3
889	0,2,0,4,2,1	q2_0^2*q4_0^4*q5_0^2*b3
890	0,1,2,3,2,1	q2_0*q3_0^2*q4_0^3*q5_0^2*b3
891	0,4,0,3,2,1	q2_0^4*q4_0^3*q5_0^2*b3
892	0,0,4,2,2,1	q3_0^4*q4_0^2*q5_0^2*b3
893	0,3,2,2,2,1	q2_0^3*q3_0^2*q4_0^2*q5_0^2*b3
894	0,6,0,2,2,1	q2_0^6*q4_0^2*q5_0^2*b3
895	0,2,4,1,2,1	q2_0^2*q3_0^4*q4_0*q5_0^2*b3
896	0,5,2,1,2,1	q2_0^5*q3_0^2*q4_0*q5_0^2*b3
897	0,8,0,1,2,1	q2_0^8*q4_0*q5_0^2*b3
898	0,1,6,0,2,1	q2_0*q3_0^6*q5_0^2*b3
899	0,4,4,0,2,1	q2_0^4*q3_0^4*q5_0^2*b3
900	0,7,2,0,2,1	q2_0^7*q3_0^2*q5_0^2*b3
901	0,1,1,5,1,1	q2_0*q3_0*q4_0^5*q5_0*b3
902	0,0,3,4,1,1	q3_0^3*q4_0^4*q5_0*b3
903	0,3,1,4,1,1	q2_0^3*q3_0*q4_0^4*q5_0*b3
904	0,2,3,3,1,1	q2_0^2*q3_0^3*q4_0^3*q5_0*b3
905	0,0,0,3,5,0	q4_0^3*q5_0^5
906	0,0,2,2,2,2	q3_0^2*q4_0^2*q5_0^2*b3^2
907	1,1,1,2,2,2	b4*q2_0*q3_0*q4_0^2*q5_0^2*b3^2
908	3,0,1,2,2,2	b4^3*q3_0*q4_0^2*q5_0^2*b3^2
909	0,3,0,2,2,2	q2_0^3*q4_0^2*q5_0^2*b3^2
910	2,2,0,2,2,2	b4^2*q2_0^2*q4_0^2*q5_0^2*b3^2
911	4,1,0,2,2,2	b4^4*q2_0*q4_0^2*q5_0^2*b3^2
912	6,0,0,2,2,2	b4^6*q4_0^2*q5_0^2*b3^2
913	1,0,3,1,2,2	b4*q3_0^3*q4_0*q5_0^2*b3^2
914	0,2,2,1,2,2	q2_0^2*q3_0^2*q4_0*q5_0^2*b3^2
915	2,1,2,1,2,2	b4^2*q2_0*q3_0^2*q4_0*q5_0^2*b3^2
916	4,0,2,1,2,2	b4^4*q3_0^2*q4_0*q5_0^2*b3^2
917	1,3,1,1,2,2	b4*q2_0^3*q3_0*q4_0*q5_0^2*b3^2
918	3,2,1,1,2,2	b4^3*q2_0^2*q3_0*q4_0*q5_0^2*b3^2
919	5,1,1,1,2,2	b4^5*q2_0*q3_0*q4_0*q5_0^2*b3^2
920	7,0,1,1,2,2	b4^7*q3_0*q4_0*q5_0^2*b3^2
921	0,5,0,1,2,2	q2_0^5*q4_0*q5_0^2*b3^2
922	2,4,0,1,2,2	b4^2*q2_0^4*q4_0*q5_0^2*b3^2
923	4,3,0,1,2,2	b4^4*q2_0^3*q4_0*q5_0^2*b3^2
924	6,2,0,1,2,2	b4^6*q2_0^2*q4_0*q5_0^2*b3^2
925	8,1,0,1,2,2	b4^8*q2_0*q4_0*q5_0^2*b3^2
926	10,0,0,1,2,2	b4^10*q4_0*q5_0^2*b3^2
927	0,1,4,0,2,2	q2_0*q3_0^4*q5_0^2*b3^2
928	2,0,4,0,2,2	b4^2*q3_0^4*q5_0^2*b3^2
929	1,2,3,0,2,2	b4*q2_0^2*q3_0^3*q5_0^2*b3^2
930	3,1,3,0,2,2	b4^3*q2_0*q3_0^3*q5_0^2*b3^2
931	5,0,3,0,2,2	b4^5*q3_0^3*q5_0^2*b3^2
932	0,4,2,0,2,2	q2_0^4*q3_0^2*q5_0^2*b3^2
933	2,3,2,0,2,2	b4^2*q2_0^3*q3_0^2*q5_0^2*b3^2
934	4,2,2,0,2,2	b4^4*q2_0^2*q3_0^2*q5_0^2*b3^2
935	6,1,2,0,2,2	b4^6*q2_0*q3_0^2*q5_0^2*b3^2
936	8,0,2,0,2,2	b4^8*q3_0^2*q5_0^2*b3^2
937	1,5,1,0,2,2	b4*q2_0^5*q3_0*q5_0^2*b3^2
938	3,4,1,0,2,2	b4^3*q2_0^4*q3_0*q5_0^2*b3^2
939	5,3,1,0,2,2	b4^5*q2_0^3*q3_0*q5_0^2*b3^2
940	7,2,1,0,2,2	b4^7*q2_0^2*q3_0*q5_0^2*b3^2
941	9,1,1,0,2,2	b4^9*q2_0*q3_0*q5_0^2*b3^2
942	11,0,1,0,2,2	b4^11*q3_0*q5_0^2*b3^2
943	0,7,0,0,2,2	q2_0^7*q5_0^2*b3^2
944	2,6,0,0,2,2	b4^2*q2_0^6*q5_0^2*b3^2
945	4,5,0,0,2,2	b4^4*q2_0^5*q5_0^2*b3^2
946	6,4,0,0,2,2	b4^6*q2_0^4*q5_0^2*b3^2
947	8,3,0,0,2,2	b4^8*q2_0^3*q5_0^2*b3^2
948	10,2,0,0,2,2	b4^10*q2_0^2*q5_0^2*b3^2
949	12,1,0,0,2,2	b4^12*q2_0*q5_0^2*b3^2
950	0,0,1,4,1,2	q3_0*q4_0^4*q5_0*b3^2
951	1,1,0,4,1,2	b4*q2_0*q4_0^4*q5_0*b3^2
952	3,0,0,4,1,2	b4^3*q4_0^4*q5_0*b3^2
953	1,0,2,3,1,2	b4*q3_0^2*q4_0^3*q5_0*b3^2
954	0,2,1,3,1,2	q2_0^2*q3_0*q4_0^3*q5_0*b3^2
955	2,1,1,3,1,2	b4^2*q2_0*q3_0*q4_0^3*q5_0*b3^2
956	4,0,1,3,1,2	b4^4*q3_0*q4_0^3*q5_0*b3^2
957	1,3,0,3,1,2	b4*q2_0^3*q4_0^3*q5_0*b3^2
958	3,2,0,3,1,2	b4^3*q2_0^2*q4_0^3*q5_0*b3^2
959	5,1,0,3,1,2	b4^5*q2_0*q4_0^3*q5_0*b3^2
960	7,0,0,3,1,2	b4^7*q4_0^3*q5_0*b3^2
961	0,1,3,2,1,2	q2_0*q3_0^3*q4_0^2*q5_0*b3^2
962	2,0,3,2,1,2	b4^2*q3_0^3*q4_0^2*q5_0*b3^2
963	1,2,2,2,1,2	b4*q2_0^2*q3_0^2*q4_0^2*q5_0*b3^2
964	3,1,2,2,1,2	b4^3*q2_0*q3_0^2*q4_0^2*q5_0*b3^2
965	5,0,2,2,1,2	b4^5*q3_0^2*q4_0^2*q5_0*b3^2
966	0,4,1,2,1,2	q2_0^4*q3_0*q4_0^2*q5_0*b3^2
967	2,3,1,2,1,2	b4^2*q2_0^3*q3_0*q4_0^2*q5_0*b3^2
968	4,2,1,2,1,2	b4^4*q2_0^2*q3_0*q4_0^2*q5_0*b3^2
969	6,1,1,2,1,2	b4^6*q2_0*q3_0*q4_0^2*q5_0*b3^2
970	8,0,1,2,1,2	b4^8*q3_0*q4_0^2*q5_0*b3^2
971	1,5,0,2,1,2	b4*q2_0^5*q4_0^2*q5_0*b3^2
972	3,4,0,2,1,2	b4^3*q2_0^4*q4_0^2*q5_0*b3^2
973	5,3,0,2,1,2	b4^5*q2_0^3*q4_0^2*q5_0*b3^2
974	7,2,0,2,1,2	b4^7*q2_0^2*q4_0^2*q5_0*b3^2
975	9,1,0,2,1,2	b4^9*q2_0*q4_0^2*q5_0*b3^2
976	11,0,0,2,1,2	b4^11*q4_0^2*q5_0*b3^2
977	0,0,5,1,1,2	q3_0^5*q4_0*q5_0*b3^2
978	1,1,4,1,1,2	b4*q2_0*q3_0^4*q4_0*q5_0*b3^2
979	3,0,4,1,1,2	b4^3*q3_0^4*q4_0*q5_0*b3^2
980	0,3,3,1,1,2	q2_0^3*q3_0^3*q4_0*q5_0*b3^2
981	2,2,3,1,1,2	b4^2*q2_0^2*q3_0^3*q4_0*q5_0*b3^2
982	4,1,3,1,1,2	b4^4*q2_0*q3_0^3*q4_0*q5_0*b3^2
983	6,0,3,1,1,2	b4^6*q3_0^3*q4_0*q5_0*b3^2
984	1,4,2,1,1,2	b4*q2_0^4*q3_0^2*q4_0*q5_0*b3^2
985	3,3,2,1,1,2	b4^3*q2_0^3*q3_0^2*q4_0*q5_0*b3^2
986	5,2,2,1,1,2	b4^5*q2_0^2*q3_0^2*q4_0*q5_0*b3^2
987	7,1,2,1,1,2	b4^7*q2_0*q3_0^2*q4_0*q5_0*b3^2
988	9,0,2,1,1,2	b4^9*q3_0^2*q4_0*q5_0*b3^2
989	0,6,1,1,1,2	q2_0^6*q3_0*q4_0*q5_0*b3^2
990	2,5,1,1,1,2	b4^2*q2_0^5*q3_0*q4_0*q5_0*b3^2
991	4,4,1,1,1,2	b4^4*q2_0^4*q3_0*q4_0*q5_0*b3^2
992	6,3,1,1,1,2	b4^6*q2_0^3*q3_0*q4_0*q5_0*b3^2
993	8,2,1,1,1,2	b4^8*q2_0^2*q3_0*q4_0*q5_0*b3^2
994	10,1,1,1,1,2	b4^10*q2_0*q3_0*q4_0*q5_0*b3^2
995	12,0,1,1,1,2	b4^12*q3_0*q4_0*q5_0*b3^2
996	1,7,0,1,1,2	b4*q2_0^7*q4_0*q5_0*b3^2
997	3,6,0,1,1,2	b4^3*q2_0^6*q4_0*q5_0*b3^2
998	5,5,0,1,1,2	b4^5*q2_0^5*q4_0*q5_0*b3^2
999	7,4,0,1,1,2	b4^7*q2_0^4*q4_0*q5_0*b3^2
1000	9,3,0,1,1,2	b4^9*q2_0^3*q4_0*q5_0*b3^2
1001	11,2,0,1,1,2	b4^11*q2_0^2*q4_0*q5_0*b3^2
1002	1,0,6,0,1,2	b4*q3_0^6*q5_0*b3^2
1003	0,2,5,0,1,2	q2_0^2*q3_0^5*q5_0*b3^2
1004	2,1,5,0,1,2	b4^2*q2_0*q3_0^5*q5_0*b3^2
1005	4,0,5,0,1,2	b4^4*q3_0^5*q5_0*b3^2
1006	1,3,4,0,1,2	b4*q2_0^3*q3_0^4*q5_0*b3^2
1007	3,2,4,0,1,2	b4^3*q2_0^2*q3_0^4*q5_0*b3^2
1008	5,1,4,0,1,2	b4^5*q2_0*q3_0^4*q5_0*b3^2
1009	7,0,4,0,1,2	b4^7*q3_0^4*q5_0*b3^2
1010	0,5,3,0,1,2	q2_0^5*q3_0^3*q5_0*b3^2
1011	2,4,3,0,1,2	b4^2*q2_0^4*q3_0^3*q5_0*b3^2
1012	4,3,3,0,1,2	b4^4*q2_0^3*q3_0^3*q5_0*b3^2
1013	6,2,3,0,1,2	b4^6*q2_0^2*q3_0^3*q5_0*b3^2
1014	8,1,3,0,1,2	b4^8*q2_0*q3_0^3*q5_0*b3^2
1015	10,0,3,0,1,2	b4^10*q3_0^3*q5_0*b3^2
1016	1,6,2,0,1,2	b4*q2_0^6*q3_0^2*q5_0*b3^2
1017	3,5,2,0,1,2	b4^3*q2_0^5*q3_0^2*q5_0*b3^2
1018	5,4,2,0,1,2	b4^5*q2_0^4*q3_0^2*q5_0*b3^2
1019	7,3,2,0,1,2	b4^7*q2_0^3*q3_0^2*q5_0*b3^2
1020	9,2,2,0,1,2	b4^9*q2_0^2*q3_0^2*q5_0*b3^2
1021	11,1,2,0,1,2	b4^11*q2_0*q3_0^2*q5_0*b3^2
1022	13,0,2,0,1,2	b4^13*q3_0^2*q5_0*b3^2
1023	0,8,1,0,1,2	q2_0^8*q3_0*q5_0*b3^2
1024	2,7,1,0,1,2	b4^2*q2_0^7*q3_0*q5_0*b3^2
1025	4,6,1,0,1,2	b4^4*q2_0^6*q3_0*q5_0*b3^2
1026	0,0,0,6,0,2	q4_0^6*b3^2
1027	1,0,1,5,0,2	b4*q3_0*q4_0^5*b3^2
1028	0,2,0,5,0,2	q2_0^2*q4_0^5*b3^2
1029	2,1,0,5,0,2	b4^2*q2_0*q4_0^5*b3^2
1030	4,0,0,5,0,2	b4^4*q4_0^5*b3^2
1031	0,1,2,4,0,2	q2_0*q3_0^2*q4_0^4*b3^2
1032	2,0,2,4,0,2	b4^2*q3_0^2*q4_0^4*b3^2
1033	1,2,1,4,0,2	b4*q2_0^2*q3_0*q4_0^4*b3^2
1034	3,1,1,4,0,2	b4^3*q2_0*q3_0*q4_0^4*b3^2
1035	5,0,1,4,0,2	b4^5*q3_0*q4_0^4*b3^2
1036	0,4,0,4,0,2	q2_0^4*q4_0^4*b3^2
1037	2,3,0,4,0,2	b4^2*q2_0^3*q4_0^4*b3^2
1038	4,2,0,4,0,2	b4^4*q2_0^2*q4_0^4*b3^2
1039	6,1,0,4,0,2	b4^6*q2_0*q4_0^4*b3^2
1040	8,0,0,4,0,2	b4^8*q4_0^4*b3^2
1041	0,0,4,3,0,2	q3_0^4*q4_0^3*b3^2
1042	1,1,3,3,0,2	b4*q2_0*q3_0^3*q4_0^3*b3^2
1043	3,0,3,3,0,2	b4^3*q3_0^3*q4_0^3*b3^2
1044	0,3,2,3,0,2	q2_0^3*q3_0^2*q4_0^3*b3^2
1045	2,2,2,3,0,2	b4^2*q2_0^2*q3_0^2*q4_0^3*b3^2
1046	4,1,2,3,0,2	b4^4*q2_0*q3_0^2*q4_0^3*b3^2
1047	6,0,2,3,0,2	b4^6*q3_0^2*q4_0^3*b3^2
1048	1,4,1,3,0,2	b4*q2_0^4*q3_0*q4_0^3*b3^2
1049	3,3,1,3,0,2	b4^3*q2_0^3*q3_0*q4_0^3*b3^2
1050	0,6,0,3,0,2	q2_0^6*q4_0^3*b3^2
1051	0,2,4,2,0,2	q2_0^2*q3_0^4*q4_0^2*b3^2
1052	0,5,2,2,0,2	q2_0^5*q3_0^2*q4_0^2*b3^2
1053	0,8,0,2,0,2	q2_0^8*q4_0^2*b3^2
1054	0,1,6,1,0,2	q2_0*q3_0^6*q4_0*b3^2
1055	0,4,4,1,0,2	q2_0^4*q3_0^4*q4_0*b3^2
1056	0,1,0,1,5,1	q2_0*q4_0*q5_0^5*b3
1057	0,0,2,0,5,1	q3_0^2*q5_0^5*b3
1058	0,3,0,0,5,1	q2_0^3*q5_0^5*b3
1059	0,0,1,2,4,1	q3_0*q4_0^2*q5_0^4*b3
1060	0,2,1,1,4,1	q2_0^2*q3_0*q4_0*q5_0^4*b3
1061	0,1,3,0,4,1	q2_0*q3_0^3*q5_0^4*b3
1062	0,4,1,0,4,1	q2_0^4*q3_0*q5_0^4*b3
1063	0,0,0,4,3,1	q4_0^4*q5_0^3*b3
1064	0,2,0,3,3,1	q2_0^2*q4_0^3*q5_0^3*b3
1065	0,1,2,2,3,1	q2_0*q3_0^2*q4_0^2*q5_0^3*b3
1066	0,4,0,2,3,1	q2_0^4*q4_0^2*q5_0^3*b3
1067	0,0,4,1,3,1	q3_0^4*q4_0*q5_0^3*b3
1068	0,3,2,1,3,1	q2_0^3*q3_0^2*q4_0*q5_0^3*b3
1069	0,6,0,1,3,1	q2_0^6*q4_0*q5_0^3*b3
1070	0,2,4,0,3,1	q2_0^2*q3_0^4*q5_0^3*b3
1071	0,5,2,0,3,1	q2_0^5*q3_0^2*q5_0^3*b3
1072	0,0,3,3,2,1	q3_0^3*q4_0^3*q5_0^2*b3
1073	5,0,1,0,2,3	b4^5*q3_0*q5_0^2*b3^3
1074	0,4,0,0,2,3	q2_0^4*q5_0^2*b3^3
1075	2,3,0,0,2,3	b4^2*q2_0^3*q5_0^2*b3^3
1076	4,2,0,0,2,3	b4^4*q2_0^2*q5_0^2*b3^3
1077	6,1,0,0,2,3	b4^6*q2_0*q5_0^2*b3^3
1078	8,0,0,0,2,3	b4^8*q5_0^2*b3^3
1079	1,0,0,3,1,3	b4*q4_0^3*q5_0*b3^3
1080	0,1,1,2,1,3	q2_0*q3_0*q4_0^2*q5_0*b3^3
1081	2,0,1,2,1,3	b4^2*q3_0*q4_0^2*q5_0*b3^3
1082	1,2,0,2,1,3	b4*q2_0^2*q4_0^2*q5_0*b3^3
1083	3,1,0,2,1,3	b4^3*q2_0*q4_0^2*q5_0*b3^3
1084	5,0,0,2,1,3	b4^5*q4_0^2*q5_0*b3^3
1085	0,0,3,1,1,3	q3_0^3*q4_0*q5_0*b3^3
1086	1,1,2,1,1,3	b4*q2_0*q3_0^2*q4_0*q5_0*b3^3
1087	3,0,2,1,1,3	b4^3*q3_0^2*q4_0*q5_0*b3^3
1088	0,3,1,1,1,3	q2_0^3*q3_0*q4_0*q5_0*b3^3
1089	2,2,1,1,1,3	b4^2*q2_0^2*q3_0*q4_0*q5_0*b3^3
1090	4,1,1,1,1,3	b4^4*q2_0*q3_0*q4_0*q5_0*b3^3
1091	6,0,1,1,1,3	b4^6*q3_0*q4_0*q5_0*b3^3
1092	1,4,0,1,1,3	b4*q2_0^4*q4_0*q5_0*b3^3
1093	3,3,0,1,1,3	b4^3*q2_0^3*q4_0*q5_0*b3^3
1094	5,2,0,1,1,3	b4^5*q2_0^2*q4_0*q5_0*b3^3
1095	7,1,0,1,1,3	b4^7*q2_0*q4_0*q5_0*b3^3
1096	9,0,0,1,1,3	b4^9*q4_0*q5_0*b3^3
1097	1,0,4,0,1,3	b4*q3_0^4*q5_0*b3^3
1098	0,2,3,0,1,3	q2_0^2*q3_0^3*q5_0*b3^3
1099	2,1,3,0,1,3	b4^2*q2_0*q3_0^3*q5_0*b3^3
1100	4,0,3,0,1,3	b4^4*q3_0^3*q5_0*b3^3
1101	1,3,2,0,1,3	b4*q2_0^3*q3_0^2*q5_0*b3^3
1102	3,2,2,0,1,3	b4^3*q2_0^2*q3_0^2*q5_0*b3^3
1103	5,1,2,0,1,3	b4^5*q2_0*q3_0^2*q5_0*b3^3
1104	7,0,2,0,1,3	b4^7*q3_0^2*q5_0*b3^3
1105	0,5,1,0,1,3	q2_0^5*q3_0*q5_0*b3^3
1106	2,4,1,0,1,3	b4^2*q2_0^4*q3_0*q5_0*b3^3
1107	4,3,1,0,1,3	b4^4*q2_0^3*q3_0*q5_0*b3^3
1108	6,2,1,0,1,3	b4^6*q2_0^2*q3_0*q5_0*b3^3
1109	8,1,1,0,1,3	b4^8*q2_0*q3_0*q5_0*b3^3
1110	10,0,1,0,1,3	b4^10*q3_0*q5_0*b3^3
1111	1,6,0,0,1,3	b4*q2_0^6*q5_0*b3^3
1112	3,5,0,0,1,3	b4^3*q2_0^5*q5_0*b3^3
1113	5,4,0,0,1,3	b4^5*q2_0^4*q5_0*b3^3
1114	7,3,0,0,1,3	b4^7*q2_0^3*q5_0*b3^3
1115	9,2,0,0,1,3	b4^9*q2_0^2*q5_0*b3^3
1116	11,1,0,0,1,3	b4^11*q2_0*q5_0*b3^3
1117	13,0,0,0,1,3	b4^13*q5_0*b3^3
1118	0,1,0,4,0,3	q2_0*q4_0^4*b3^3
1119	2,0,0,4,0,3	b4^2*q4_0^4*b3^3
1120	0,0,2,3,0,3	q3_0^2*q4_0^3*b3^3
1121	1,1,1,3,0,3	b4*q2_0*q3_0*q4_0^3*b3^3
1122	3,0,1,3,0,3	b4^3*q3_0*q4_0^3*b3^3
1123	0,3,0,3,0,3	q2_0^3*q4_0^3*b3^3
1124	2,2,0,3,0,3	b4^2*q2_0^2*q4_0^3*b3^3
1125	4,1,0,3,0,3	b4^4*q2_0*q4_0^3*b3^3
1126	6,0,0,3,0,3	b4^6*q4_0^3*b3^3
1127	1,0,3,2,0,3	b4*q3_0^3*q4_0^2*b3^3
1128	0,2,2,2,0,3	q2_0^2*q3_0^2*q4_0^2*b3^3
1129	2,1,2,2,0,3	b4^2*q2_0*q3_0^2*q4_0^2*b3^3
1130	4,0,2,2,0,3	b4^4*q3_0^2*q4_0^2*b3^3
1131	1,3,1,2,0,3	b4*q2_0^3*q3_0*q4_0^2*b3^3
1132	3,2,1,2,0,3	b4^3*q2_0^2*q3_0*q4_0^2*b3^3
1133	5,1,1,2,0,3	b4^5*q2_0*q3_0*q4_0^2*b3^3
1134	7,0,1,2,0,3	b4^7*q3_0*q4_0^2*b3^3
1135	0,5,0,2,0,3	q2_0^5*q4_0^2*b3^3
1136	2,4,0,2,0,3	b4^2*q2_0^4*q4_0^2*b3^3
1137	4,3,0,2,0,3	b4^4*q2_0^3*q4_0^2*b3^3
1138	6,2,0,2,0,3	b4^6*q2_0^2*q4_0^2*b3^3
1139	8,1,0,2,0,3	b4^8*q2_0*q4_0^2*b3^3
1140	10,0,0,2,0,3	b4^10*q4_0^2*b3^3
1141	0,1,4,1,0,3	q2_0*q3_0^4*q4_0*b3^3
1142	2,0,4,1,0,3	b4^2*q3_0^4*q4_0*b3^3
1143	1,2,3,1,0,3	b4*q2_0^2*q3_0^3*q4_0*b3^3
1144	3,1,3,1,0,3	b4^3*q2_0*q3_0^3*q4_0*b3^3
1145	5,0,3,1,0,3	b4^5*q3_0^3*q4_0*b3^3
1146	0,4,2,1,0,3	q2_0^4*q3_0^2*q4_0*b3^3
1147	2,3,2,1,0,3	b4^2*q2_0^3*q3_0^2*q4_0*b3^3
1148	4,2,2,1,0,3	b4^4*q2_0^2*q3_0^2*q4_0*b3^3
1149	6,1,2,1,0,3	b4^6*q2_0*q3_0^2*q4_0*b3^3
1150	8,0,2,1,0,3	b4^8*q3_0^2*q4_0*b3^3
1151	1,5,1,1,0,3	b4*q2_0^5*q3_0*q4_0*b3^3
1152	3,4,1,1,0,3	b4^3*q2_0^4*q3_0*q4_0*b3^3
1153	5,3,1,1,0,3	b4^5*q2_0^3*q3_0*q4_0*b3^3
1154	7,2,1,1,0,3	b4^7*q2_0^2*q3_0*q4_0*b3^3
1155	9,1,1,1,0,3	b4^9*q2_0*q3_0*q4_0*b3^3
1156	11,0,1,1,0,3	b4^11*q3_0*q4_0*b3^3
1157	0,7,0,1,0,3	q2_0^7*q4_0*b3^3
1158	2,6,0,1,0,3	b4^2*q2_0^6*q4_0*b3^3
1159	4,5,0,1,0,3	b4^4*q2_0^5*q4_0*b3^3
1160	6,4,0,1,0,3	b4^6*q2_0^4*q4_0*b3^3
1161	8,3,0,1,0,3	b4^8*q2_0^3*q4_0*b3^3
1162	10,2,0,1,0,3	b4^10*q2_0^2*q4_0*b3^3
1163	12,1,0,1,0,3	b4^12*q2_0*q4_0*b3^3
1164	0,0,6,0,0,3	q3_0^6*b3^3
1165	1,1,5,0,0,3	b4*q2_0*q3_0^5*b3^3
1166	3,0,5,0,0,3	b4^3*q3_0^5*b3^3
1167	0,3,4,0,0,3	q2_0^3*q3_0^4*b3^3
1168	2,2,4,0,0,3	b4^2*q2_0^2*q3_0^4*b3^3
1169	4,1,4,0,0,3	b4^4*q2_0*q3_0^4*b3^3
1170	6,0,4,0,0,3	b4^6*q3_0^4*b3^3
1171	1,4,3,0,0,3	b4*q2_0^4*q3_0^3*b3^3
1172	3,3,3,0,0,3	b4^3*q2_0^3*q3_0^3*b3^3
1173	5,2,3,0,0,3	b4^5*q2_0^2*q3_0^3*b3^3
1174	7,1,3,0,0,3	b4^7*q2_0*q3_0^3*b3^3
1175	9,0,3,0,0,3	b4^9*q3_0^3*b3^3
1176	0,6,2,0,0,3	q2_0^6*q3_0^2*b3^3
1177	2,5,2,0,0,3	b4^2*q2_0^5*q3_0^2*b3^3
1178	4,4,2,0,0,3	b4^4*q2_0^4*q3_0^2*b3^3
1179	6,3,2,0,0,3	b4^6*q2_0^3*q3_0^2*b3^3
1180	8,2,2,0,0,3	b4^8*q2_0^2*q3_0^2*b3^3
1181	10,1,2,0,0,3	b4^10*q2_0*q3_0^2*b3^3
1182	12,0,2,0,0,3	b4^12*q3_0^2*b3^3
1183	1,7,1,0,0,3	b4*q2_0^7*q3_0*b3^3
1184	3,6,1,0,0,3	b4^3*q2_0^6*q3_0*b3^3
1185	5,5,1,0,0,3	b4^5*q2_0^5*q3_0*b3^3
1186	7,4,1,0,0,3	b4^7*q2_0^4*q3_0*b3^3
1187	9,3,1,0,0,3	b4^9*q2_0^3*q3_0*b3^3
1188	11,2,1,0,0,3	b4^11*q2_0^2*q3_0*b3^3
1189	0,9,0,0,0,3	q2_0^9*b3^3
1190	0,0,0,0,5,2	q5_0^5*b3^2
1191	1,0,0,1,4,2	b4*q4_0*q5_0^4*b3^2
1192	0,1,1,0,4,2	q2_0*q3_0*q5_0^4*b3^2
1193	2,0,1,0,4,2	b4^2*q3_0*q5_0^4*b3^2
1194	1,2,0,0,4,2	b4*q2_0^2*q5_0^4*b3^2
1195	3,1,0,0,4,2	b4^3*q2_0*q5_0^4*b3^2
1196	5,0,0,0,4,2	b4^5*q5_0^4*b3^2
1197	0,1,0,2,3,2	q2_0*q4_0^2*q5_0^3*b3^2
1198	2,0,0,2,3,2	b4^2*q4_0^2*q5_0^3*b3^2
1199	0,0,2,1,3,2	q3_0^2*q4_0*q5_0^3*b3^2
1200	1,1,1,1,3,2	b4*q2_0*q3_0*q4_0*q5_0^3*b3^2
1201	3,0,1,1,3,2	b4^3*q3_0*q4_0*q5_0^3*b3^2
1202	0,3,0,1,3,2	q2_0^3*q4_0*q5_0^3*b3^2
1203	2,2,0,1,3,2	b4^2*q2_0^2*q4_0*q5_0^3*b3^2
1204	4,1,0,1,3,2	b4^4*q2_0*q4_0*q5_0^3*b3^2
1205	6,0,0,1,3,2	b4^6*q4_0*q5_0^3*b3^2
1206	1,0,3,0,3,2	b4*q3_0^3*q5_0^3*b3^2
1207	0,2,2,0,3,2	q2_0^2*q3_0^2*q5_0^3*b3^2
1208	2,1,2,0,3,2	b4^2*q2_0*q3_0^2*q5_0^3*b3^2
1209	4,0,2,0,3,2	b4^4*q3_0^2*q5_0^3*b3^2
1210	1,3,1,0,3,2	b4*q2_0^3*q3_0*q5_0^3*b3^2
1211	3,2,1,0,3,2	b4^3*q2_0^2*q3_0*q5_0^3*b3^2
1212	5,1,1,0,3,2	b4^5*q2_0*q3_0*q5_0^3*b3^2
1213	7,0,1,0,3,2	b4^7*q3_0*q5_0^3*b3^2
1214	0,5,0,0,3,2	q2_0^5*q5_0^3*b3^2
1215	2,4,0,0,3,2	b4^2*q2_0^4*q5_0^3*b3^2
1216	4,3,0,0,3,2	b4^4*q2_0^3*q5_0^3*b3^2
1217	6,2,0,0,3,2	b4^6*q2_0^2*q5_0^3*b3^2
1218	8,1,0,0,3,2	b4^8*q2_0*q5_0^3*b3^2
1219	10,0,0,0,3,2	b4^10*q5_0^3*b3^2
1220	0,0,1,3,2,2	q3_0*q4_0^3*q5_0^2*b3^2
1221	1,1,0,3,2,2	b4*q2_0*q4_0^3*q5_0^2*b3^2
1222	3,0,0,3,2,2	b4^3*q4_0^3*q5_0^2*b3^2
1223	0,2,1,2,2,2	q2_0^2*q3_0*q4_0^2*q5_0^2*b3^2
1224	0,1,3,1,2,2	q2_0*q3_0^3*q4_0*q5_0^2*b3^2
1225	0,4,1,1,2,2	q2_0^4*q3_0*q4_0*q5_0^2*b3^2
1226	0,0,5,0,2,2	q3_0^5*q5_0^2*b3^2
1227	0,3,3,0,2,2	q2_0^3*q3_0^3*q5_0^2*b3^2
1228	0,6,1,0,2,2	q2_0^6*q3_0*q5_0^2*b3^2
1229	0,0,0,5,1,2	q4_0^5*q5_0*b3^2
1230	0,2,0,4,1,2	q2_0^2*q4_0^4*q5_0*b3^2
1231	0,1,2,3,1,2	q2_0*q3_0^2*q4_0^3*q5_0*b3^2
1232	0,4,0,3,1,2	q2_0^4*q4_0^3*q5_0*b3^2
1233	0,0,4,2,1,2	q3_0^4*q4_0^2*q5_0*b3^2
1234	0,3,2,2,1,2	q2_0^3*q3_0^2*q4_0^2*q5_0*b3^2
1235	0,6,0,2,1,2	q2_0^6*q4_0^2*q5_0*b3^2
1236	0,2,4,1,1,2	q2_0^2*q3_0^4*q4_0*q5_0*b3^2
1237	0,5,2,1,1,2	q2_0^5*q3_0^2*q4_0*q5_0*b3^2
1238	0,8,0,1,1,2	q2_0^8*q4_0*q5_0*b3^2
1239	0,1,6,0,1,2	q2_0*q3_0^6*q5_0*b3^2
1240	0,4,4,0,1,2	q2_0^4*q3_0^4*q5_0*b3^2
1241	0,7,2,0,1,2	q2_0^7*q3_0^2*q5_0*b3^2
1242	0,1,1,5,0,2	q2_0*q3_0*q4_0^5*b3^2
1243	0,0,3,4,0,2	q3_0^3*q4_0^4*b3^2
1244	0,3,1,4,0,2	q2_0^3*q3_0*q4_0^4*b3^2
1245	0,2,3,3,0,2	q2_0^2*q3_0^3*q4_0^3*b3^2
1246	0,5,1,3,0,2	q2_0^5*q3_0*q4_0^3*b3^2
1247	0,0,1,1,5,1	q3_0*q4_0*q5_0^5*b3
1248	0,0,0,3,4,1	q4_0^3*q5_0^4*b3
1249	0,0,4,0,4,1	q3_0^4*q5_0^4*b3
1250	0,0,3,2,3,1	q3_0^3*q4_0^2*q5_0^3*b3
1251	0,0,0,0,1,5	q5_0*b3^5
1252	1,0,0,1,0,5	b4*q4_0*b3^5
1253	0,1,1,0,0,5	q2_0*q3_0*b3^5
1254	2,0,1,0,0,5	b4^2*q3_0*b3^5
1255	1,2,0,0,0,5	b4*q2_0^2*b3^5
1256	3,1,0,0,0,5	b4^3*q2_0*b3^5
1257	5,0,0,0,0,5	b4^5*b3^5
1258	0,1,0,0,2,4	q2_0*q5_0^2*b3^4
1259	2,0,0,0,2,4	b4^2*q5_0^2*b3^4
1260	0,0,1,1,1,4	q3_0*q4_0*q5_0*b3^4
1261	1,1,0,1,1,4	b4*q2_0*q4_0*q5_0*b3^4
1262	3,0,0,1,1,4	b4^3*q4_0*q5_0*b3^4
1263	1,0,2,0,1,4	b4*q3_0^2*q5_0*b3^4
1264	0,2,1,0,1,4	q2_0^2*q3_0*q5_0*b3^4
1265	2,1,1,0,1,4	b4^2*q2_0*q3_0*q5_0*b3^4
1266	4,0,1,0,1,4	b4^4*q3_0*q5_0*b3^4
1267	1,3,0,0,1,4	b4*q2_0^3*q5_0*b3^4
1268	3,2,0,0,1,4	b4^3*q2_0^2*q5_0*b3^4
1269	5,1,0,0,1,4	b4^5*q2_0*q5_0*b3^4
1270	7,0,0,0,1,4	b4^7*q5_0*b3^4
1271	0,0,0,3,0,4	q4_0^3*b3^4
1272	1,0,1,2,0,4	b4*q3_0*q4_0^2*b3^4
1273	0,2,0,2,0,4	q2_0^2*q4_0^2*b3^4
1274	2,1,0,2,0,4	b4^2*q2_0*q4_0^2*b3^4
1275	4,0,0,2,0,4	b4^4*q4_0^2*b3^4
1276	0,1,2,1,0,4	q2_0*q3_0^2*q4_0*b3^4
1277	2,0,2,1,0,4	b4^2*q3_0^2*q4_0*b3^4
1278	1,2,1,1,0,4	b4*q2_0^2*q3_0*q4_0*b3^4
1279	3,1,1,1,0,4	b4^3*q2_0*q3_0*q4_0*b3^4
1280	5,0,1,1,0,4	b4^5*q3_0*q4_0*b3^4
1281	0,4,0,1,0,4	q2_0^4*q4_0*b3^4
1282	2,3,0,1,0,4	b4^2*q2_0^3*q4_0*b3^4
1283	4,2,0,1,0,4	b4^4*q2_0^2*q4_0*b3^4
1284	6,1,0,1,0,4	b4^6*q2_0*q4_0*b3^4
1285	8,0,0,1,0,4	b4^8*q4_0*b3^4
1286	0,0,4,0,0,4	q3_0^4*b3^4
1287	1,1,3,0,0,4	b4*q2_0*q3_0^3*b3^4
1288	3,0,3,0,0,4	b4^3*q3_0^3*b3^4
1289	0,3,2,0,0,4	q2_0^3*q3_0^2*b3^4
1290	2,2,2,0,0,4	b4^2*q2_0^2*q3_0^2*b3^4
1291	4,1,2,0,0,4	b4^4*q2_0*q3_0^2*b3^4
1292	6,0,2,0,0,4	b4^6*q3_0^2*b3^4
1293	1,4,1,0,0,4	b4*q2_0^4*q3_0*b3^4
1294	3,3,1,0,0,4	b4^3*q2_0^3*q3_0*b3^4
1295	5,2,1,0,0,4	b4^5*q2_0^2*q3_0*b3^4
1296	7,1,1,0,0,4	b4^7*q2_0*q3_0*b3^4
1297	9,0,1,0,0,4	b4^9*q3_0*b3^4
1298	0,6,0,0,0,4	q2_0^6*b3^4
1299	2,5,0,0,0,4	b4^2*q2_0^5*b3^4
1300	4,4,0,0,0,4	b4^4*q2_0^4*b3^4
1301	6,3,0,0,0,4	b4^6*q2_0^3*b3^4
1302	8,2,0,0,0,4	b4^8*q2_0^2*b3^4
1303	10,1,0,0,0,4	b4^10*q2_0*b3^4
1304	12,0,0,0,0,4	b4^12*b3^4
1305	0,0,0,1,3,3	q4_0*q5_0^3*b3^3
1306	1,0,1,0,3,3	b4*q3_0*q5_0^3*b3^3
1307	0,2,0,0,3,3	q2_0^2*q5_0^3*b3^3
1308	2,1,0,0,3,3	b4^2*q2_0*q5_0^3*b3^3
1309	4,0,0,0,3,3	b4^4*q5_0^3*b3^3
1310	1,0,0,2,2,3	b4*q4_0^2*q5_0^2*b3^3
1311	0,1,1,1,2,3	q2_0*q3_0*q4_0*q5_0^2*b3^3
1312	2,0,1,1,2,3	b4^2*q3_0*q4_0*q5_0^2*b3^3
1313	1,2,0,1,2,3	b4*q2_0^2*q4_0*q5_0^2*b3^3
1314	3,1,0,1,2,3	b4^3*q2_0*q4_0*q5_0^2*b3^3
1315	5,0,0,1,2,3	b4^5*q4_0*q5_0^2*b3^3
1316	0,0,3,0,2,3	q3_0^3*q5_0^2*b3^3
1317	1,1,2,0,2,3	b4*q2_0*q3_0^2*q5_0^2*b3^3
1318	3,0,2,0,2,3	b4^3*q3_0^2*q5_0^2*b3^3
1319	0,3,1,0,2,3	q2_0^3*q3_0*q5_0^2*b3^3
1320	2,2,1,0,2,3	b4^2*q2_0^2*q3_0*q5_0^2*b3^3
1321	4,1,1,0,2,3	b4^4*q2_0*q3_0*q5_0^2*b3^3
1322	0,1,0,3,1,3	q2_0*q4_0^3*q5_0*b3^3
1323	0,0,2,2,1,3	q3_0^2*q4_0^2*q5_0*b3^3
1324	0,3,0,2,1,3	q2_0^3*q4_0^2*q5_0*b3^3
1325	0,2,2,1,1,3	q2_0^2*q3_0^2*q4_0*q5_0*b3^3
1326	0,5,0,1,1,3	q2_0^5*q4_0*q5_0*b3^3
1327	0,1,4,0,1,3	q2_0*q3_0^4*q5_0*b3^3
1328	0,4,2,0,1,3	q2_0^4*q3_0^2*q5_0*b3^3
1329	0,7,0,0,1,3	q2_0^7*q5_0*b3^3
1330	0,0,1,4,0,3	q3_0*q4_0^4*b3^3
1331	0,2,1,3,0,3	q2_0^2*q3_0*q4_0^3*b3^3
1332	0,1,3,2,0,3	q2_0*q3_0^3*q4_0^2*b3^3
1333	0,4,1,2,0,3	q2_0^4*q3_0*q4_0^2*b3^3
1334	0,0,5,1,0,3	q3_0^5*q4_0*b3^3
1335	0,3,3,1,0,3	q2_0^3*q3_0^3*q4_0*b3^3
1336	0,6,1,1,0,3	q2_0^6*q3_0*q4_0*b3^3
1337	0,2,5,0,0,3	q2_0^2*q3_0^5*b3^3
1338	0,5,3,0,0,3	q2_0^5*q3_0^3*b3^3
1339	0,8,1,0,0,3	q2_0^8*q3_0*b3^3
1340	0,1,0,1,4,2	q2_0*q4_0*q5_0^4*b3^2
1341	0,0,2,0,4,2	q3_0^2*q5_0^4*b3^2
1342	0,3,0,0,4,2	q2_0^3*q5_0^4*b3^2
1343	0,0,1,2,3,2	q3_0*q4_0^2*q5_0^3*b3^2
1344	0,2,1,1,3,2	q2_0^2*q3_0*q4_0*q5_0^3*b3^2
1345	0,1,3,0,3,2	q2_0*q3_0^3*q5_0^3*b3^2
1346	0,4,1,0,3,2	q2_0^4*q3_0*q5_0^3*b3^2
1347	0,0,0,4,2,2	q4_0^4*q5_0^2*b3^2
1348	0,2,0,3,2,2	q2_0^2*q4_0^3*q5_0^2*b3^2
1349	0,0,4,1,2,2	q3_0^4*q4_0*q5_0^2*b3^2
1350	0,0,3,3,1,2	q3_0^3*q4_0^3*q5_0*b3^2
1351	0,0,7,0,1,2	q3_0^7*q5_0*b3^2
1352	0,0,2,5,0,2	q3_0^2*q4_0^5*b3^2
1353	0,0,0,2,5,1	q4_0^2*q5_0^5*b3
1354	0,1,0,1,0,5	q2_0*q4_0*b3^5
1355	0,0,2,0,0,5	q3_0^2*b3^5
1356	0,3,0,0,0,5	q2_0^3*b3^5
1357	0,0,1,0,2,4	q3_0*q5_0^2*b3^4
1358	0,0,0,2,1,4	q4_0^2*q5_0*b3^4
1359	0,2,0,1,1,4	q2_0^2*q4_0*q5_0*b3^4
1360	0,1,2,0,1,4	q2_0*q3_0^2*q5_0*b3^4
1361	0,4,0,0,1,4	q2_0^4*q5_0*b3^4
1362	0,1,1,2,0,4	q2_0*q3_0*q4_0^2*b3^4
1363	0,0,3,1,0,4	q3_0^3*q4_0*b3^4
1364	0,3,1,1,0,4	q2_0^3*q3_0*q4_0*b3^4
1365	0,2,3,0,0,4	q2_0^2*q3_0^3*b3^4
1366	0,5,1,0,0,4	q2_0^5*q3_0*b3^4
1367	0,0,0,0,4,3	q5_0^4*b3^3
1368	0,1,1,0,3,3	q2_0*q3_0*q5_0^3*b3^3
1369	0,1,0,2,2,3	q2_0*q4_0^2*q5_0^2*b3^3
1370	0,0,2,1,2,3	q3_0^2*q4_0*q5_0^2*b3^3
1371	0,3,0,1,2,3	q2_0^3*q4_0*q5_0^2*b3^3
1372	0,2,2,0,2,3	q2_0^2*q3_0^2*q5_0^2*b3^3
1373	0,0,1,3,1,3	q3_0*q4_0^3*q5_0*b3^3
1374	0,0,5,0,1,3	q3_0^5*q5_0*b3^3
1375	0,0,0,5,0,3	q4_0^5*b3^3
1376	0,0,4,2,0,3	q3_0^4*q4_0^2*b3^3
1377	0,0,1,1,4,2	q3_0*q4_0*q5_0^4*b3^2
1378	0,0,0,3,3,2	q4_0^3*q5_0^3*b3^2
1379	0,0,4,0,3,2	q3_0^4*q5_0^3*b3^2
1380	0,0,0,0,0,6	b3^6
1381	0,0,1,1,0,5	q3_0*q4_0*b3^5
1382	0,0,0,1,2,4	q4_0*q5_0^2*b3^4
1383	0,0,3,0,1,4	q3_0^3*q5_0*b3^4
1384	0,0,2,2,0,4	q3_0^2*q4_0^2*b3^4
1385	0,0,2,0,3,3	q3_0^2*q5_0^3*b3^3
1386	0,0,1,2,2,3	q3_0*q4_0^2*q5_0^2*b3^3
1387	0,0,0,4,1,3	q4_0^4*q5_0*b3^3
1388	0,0,0,2,4,2	q4_0^2*q5_0^4*b3^2
1389	0,0,0,2,0,5	q4_0^2*b3^5
1390	0,0,0,0,3,4	q5_0^3*b3^4
1391	0,0,0,3,2,3	q4_0^3*q5_0^2*b3^3
