0	2	d698d748c63e93d3ba1c862ff1412bcdcc8fc8ae76be1c78757c487f5cbff0af	(('1', '1'), ('0', '1'), ('0', '1'), ('0', '1'), ('0', '1'), ('0', '1'), ('0', '1'), ('0', '1'), ('0', '1'), ('0', '1'), ('0', '1'), ('0', '1'), ('0', '1'), ('0', '1'), ('0', '1'), ('0', '1'), ('0', '1'), ('0', '1'))
1	3	d698d748c63e93d3ba1c862ff1412bcdcc8fc8ae76be1c78757c487f5cbff0af	(('1', '1'), ('0', '1'), ('0', '1'), ('0', '1'), ('0', '1'), ('0', '1'), ('0', '1'), ('0', '1'), ('0', '1'), ('0', '1'), ('0', '1'), ('0', '1'), ('0', '1'), ('0', '1'), ('0', '1'), ('0', '1'), ('0', '1'), ('0', '1'))
2	4	d698d748c63e93d3ba1c862ff1412bcdcc8fc8ae76be1c78757c487f5cbff0af	(('1', '1'), ('0', '1'), ('0', '1'), ('0', '1'), ('0', '1'), ('0', '1'), ('0', '1'), ('0', '1'), ('0', '1'), ('0', '1'), ('0', '1'), ('0', '1'), ('0', '1'), ('0', '1'), ('0', '1'), ('0', '1'), ('0', '1'), ('0', '1'))
3	5	d698d748c63e93d3ba1c862ff1412bcdcc8fc8ae76be1c78757c487f5cbff0af	(('1', '1'), ('0', '1'), ('0', '1'), ('0', '1'), ('0', '1'), ('0', '1'), ('0', '1'), ('0', '1'), ('0', '1'), ('0', '1'), ('0', '1'), ('0', '1'), ('0', '1'), ('0', '1'), ('0', '1'), ('0', '1'), ('0', '1'), ('0', '1'))
4	6	d698d748c63e93d3ba1c862ff1412bcdcc8fc8ae76be1c78757c487f5cbff0af	(('1', '1'), ('0', '1'), ('0', '1'), ('0', '1'), ('0', '1'), ('0', '1'), ('0', '1'), ('0', '1'), ('0', '1'), ('0', '1'), ('0', '1'), ('0', '1'), ('0', '1'), ('0', '1'), ('0', '1'), ('0', '1'), ('0', '1'), ('0', '1'))
5	7	d698d748c63e93d3ba1c862ff1412bcdcc8fc8ae76be1c78757c487f5cbff0af	(('1', '1'), ('0', '1'), ('0', '1'), ('0', '1'), ('0', '1'), ('0', '1'), ('0', '1'), ('0', '1'), ('0', '1'), ('0', '1'), ('0', '1'), ('0', '1'), ('0', '1'), ('0', '1'), ('0', '1'), ('0', '1'), ('0', '1'), ('0', '1'))
6	8	d698d748c63e93d3ba1c862ff1412bcdcc8fc8ae76be1c78757c487f5cbff0af	(('1', '1'), ('0', '1'), ('0', '1'), ('0', '1'), ('0', '1'), ('0', '1'), ('0', '1'), ('0', '1'), ('0', '1'), ('0', '1'), ('0', '1'), ('0', '1'), ('0', '1'), ('0', '1'), ('0', '1'), ('0', '1'), ('0', '1'), ('0', '1'))
7	9	d698d748c63e93d3ba1c862ff1412bcdcc8fc8ae76be1c78757c487f5cbff0af	(('1', '1'), ('0', '1'), ('0', '1'), ('0', '1'), ('0', '1'), ('0', '1'), ('0', '1'), ('0', '1'), ('0', '1'), ('0', '1'), ('0', '1'), ('0', '1'), ('0', '1'), ('0', '1'), ('0', '1'), ('0', '1'), ('0', '1'), ('0', '1'))
8	10	d698d748c63e93d3ba1c862ff1412bcdcc8fc8ae76be1c78757c487f5cbff0af	(('1', '1'), ('0', '1'), ('0', '1'), ('0', '1'), ('0', '1'), ('0', '1'), ('0', '1'), ('0', '1'), ('0', '1'), ('0', '1'), ('0', '1'), ('0', '1'), ('0', '1'), ('0', '1'), ('0', '1'), ('0', '1'), ('0', '1'), ('0', '1'))
9	11	d698d748c63e93d3ba1c862ff1412bcdcc8fc8ae76be1c78757c487f5cbff0af	(('1', '1'), ('0', '1'), ('0', '1'), ('0', '1'), ('0', '1'), ('0', '1'), ('0', '1'), ('0', '1'), ('0', '1'), ('0', '1'), ('0', '1'), ('0', '1'), ('0', '1'), ('0', '1'), ('0', '1'), ('0', '1'), ('0', '1'), ('0', '1'))
10	12	d698d748c63e93d3ba1c862ff1412bcdcc8fc8ae76be1c78757c487f5cbff0af	(('1', '1'), ('0', '1'), ('0', '1'), ('0', '1'), ('0', '1'), ('0', '1'), ('0', '1'), ('0', '1'), ('0', '1'), ('0', '1'), ('0', '1'), ('0', '1'), ('0', '1'), ('0', '1'), ('0', '1'), ('0', '1'), ('0', '1'), ('0', '1'))
11	13	d698d748c63e93d3ba1c862ff1412bcdcc8fc8ae76be1c78757c487f5cbff0af	(('1', '1'), ('0', '1'), ('0', '1'), ('0', '1'), ('0', '1'), ('0', '1'), ('0', '1'), ('0', '1'), ('0', '1'), ('0', '1'), ('0', '1'), ('0', '1'), ('0', '1'), ('0', '1'), ('0', '1'), ('0', '1'), ('0', '1'), ('0', '1'))
12	14	d698d748c63e93d3ba1c862ff1412bcdcc8fc8ae76be1c78757c487f5cbff0af	(('1', '1'), ('0', '1'), ('0', '1'), ('0', '1'), ('0', '1'), ('0', '1'), ('0', '1'), ('0', '1'), ('0', '1'), ('0', '1'), ('0', '1'), ('0', '1'), ('0', '1'), ('0', '1'), ('0', '1'), ('0', '1'), ('0', '1'), ('0', '1'))
13	16	d698d748c63e93d3ba1c862ff1412bcdcc8fc8ae76be1c78757c487f5cbff0af	(('1', '1'), ('0', '1'), ('0', '1'), ('0', '1'), ('0', '1'), ('0', '1'), ('0', '1'), ('0', '1'), ('0', '1'), ('0', '1'), ('0', '1'), ('0', '1'), ('0', '1'), ('0', '1'), ('0', '1'), ('0', '1'), ('0', '1'), ('0', '1'))
14	17	d698d748c63e93d3ba1c862ff1412bcdcc8fc8ae76be1c78757c487f5cbff0af	(('1', '1'), ('0', '1'), ('0', '1'), ('0', '1'), ('0', '1'), ('0', '1'), ('0', '1'), ('0', '1'), ('0', '1'), ('0', '1'), ('0', '1'), ('0', '1'), ('0', '1'), ('0', '1'), ('0', '1'), ('0', '1'), ('0', '1'), ('0', '1'))
15	18	d698d748c63e93d3ba1c862ff1412bcdcc8fc8ae76be1c78757c487f5cbff0af	(('1', '1'), ('0', '1'), ('0', '1'), ('0', '1'), ('0', '1'), ('0', '1'), ('0', '1'), ('0', '1'), ('0', '1'), ('0', '1'), ('0', '1'), ('0', '1'), ('0', '1'), ('0', '1'), ('0', '1'), ('0', '1'), ('0', '1'), ('0', '1'))
16	19	d698d748c63e93d3ba1c862ff1412bcdcc8fc8ae76be1c78757c487f5cbff0af	(('1', '1'), ('0', '1'), ('0', '1'), ('0', '1'), ('0', '1'), ('0', '1'), ('0', '1'), ('0', '1'), ('0', '1'), ('0', '1'), ('0', '1'), ('0', '1'), ('0', '1'), ('0', '1'), ('0', '1'), ('0', '1'), ('0', '1'), ('0', '1'))
17	20	d698d748c63e93d3ba1c862ff1412bcdcc8fc8ae76be1c78757c487f5cbff0af	(('1', '1'), ('0', '1'), ('0', '1'), ('0', '1'), ('0', '1'), ('0', '1'), ('0', '1'), ('0', '1'), ('0', '1'), ('0', '1'), ('0', '1'), ('0', '1'), ('0', '1'), ('0', '1'), ('0', '1'), ('0', '1'), ('0', '1'), ('0', '1'))
18	21	d698d748c63e93d3ba1c862ff1412bcdcc8fc8ae76be1c78757c487f5cbff0af	(('1', '1'), ('0', '1'), ('0', '1'), ('0', '1'), ('0', '1'), ('0', '1'), ('0', '1'), ('0', '1'), ('0', '1'), ('0', '1'), ('0', '1'), ('0', '1'), ('0', '1'), ('0', '1'), ('0', '1'), ('0', '1'), ('0', '1'), ('0', '1'))
19	22	d698d748c63e93d3ba1c862ff1412bcdcc8fc8ae76be1c78757c487f5cbff0af	(('1', '1'), ('0', '1'), ('0', '1'), ('0', '1'), ('0', '1'), ('0', '1'), ('0', '1'), ('0', '1'), ('0', '1'), ('0', '1'), ('0', '1'), ('0', '1'), ('0', '1'), ('0', '1'), ('0', '1'), ('0', '1'), ('0', '1'), ('0', '1'))
20	23	d698d748c63e93d3ba1c862ff1412bcdcc8fc8ae76be1c78757c487f5cbff0af	(('1', '1'), ('0', '1'), ('0', '1'), ('0', '1'), ('0', '1'), ('0', '1'), ('0', '1'), ('0', '1'), ('0', '1'), ('0', '1'), ('0', '1'), ('0', '1'), ('0', '1'), ('0', '1'), ('0', '1'), ('0', '1'), ('0', '1'), ('0', '1'))
21	24	d698d748c63e93d3ba1c862ff1412bcdcc8fc8ae76be1c78757c487f5cbff0af	(('1', '1'), ('0', '1'), ('0', '1'), ('0', '1'), ('0', '1'), ('0', '1'), ('0', '1'), ('0', '1'), ('0', '1'), ('0', '1'), ('0', '1'), ('0', '1'), ('0', '1'), ('0', '1'), ('0', '1'), ('0', '1'), ('0', '1'), ('0', '1'))
